km,bed,stage_fit,A,W_top,W_eq,hma,W_top_5,W_top_10,W_top_20
40.0,1330.0,68.0,7139,192,105,1,40,48,64
40.1,1328.7,67.5,5930,144,88,1,40,48,64
40.2,1327.5,67.0,6294,152,94,1,40,40,56
40.3,1324.1,66.2,6075,160,92,1,32,48,80
40.4,1341.7,65.7,5503,160,84,1,24,40,72
40.5,1360.6,65.2,16717,352,256,1,32,48,80
40.6,1345.9,64.7,8320,232,129,1,24,40,64
40.7,1337.3,64.2,6544,184,102,1,32,48,80
40.8,1330.2,63.7,6397,208,100,1,24,40,48
40.9,1320.6,63.2,7095,208,112,1,40,48,88
41.0,1315.6,62.7,5318,168,85,1,40,56,56
41.1,1317.4,62.2,5092,152,82,1,40,40,56
41.2,1317.1,60.9,7358,176,121,1,80,88,96
41.3,1317.0,60.9,4774,136,78,1,24,24,56
41.4,1317.4,59.5,4700,112,79,1,16,16,72
41.5,1315.3,59.5,5991,144,101,1,56,80,96
41.6,1316.0,49.0,3521,120,72,1,48,56,64
41.7,1334.9,49.0,4310,168,88,1,16,32,56
41.8,1313.7,49.0,3381,104,69,1,40,48,72
41.9,1315.2,49.0,4220,144,86,1,48,48,80
42.0,1314.9,49.0,4182,120,85,1,32,64,88
42.1,1312.5,49.0,6196,176,126,1,80,96,120
42.2,1313.3,38.6,4046,152,105,1,32,88,120
42.3,1312.2,38.6,6456,192,167,1,144,152,168
42.4,1310.0,51.3,7855,200,153,1,80,96,168
42.5,1301.2,51.3,4884,160,95,1,40,56,72
42.6,1290.0,64.1,5903,152,92,1,32,56,72
42.7,1275.7,59.7,4317,128,72,1,16,56,72
42.8,1289.8,55.4,2759,120,50,1,16,24,32
42.9,1259.3,55.4,4272,128,77,1,24,32,64
43.0,1253.8,55.4,4216,112,76,1,32,48,72
43.1,1246.5,55.4,3462,112,62,1,32,32,40
43.2,1244.2,66.2,5894,136,89,1,48,48,72
43.3,1240.0,77.3,7068,160,91,1,40,48,56
43.4,1235.9,86.8,7172,184,83,1,8,8,32
43.5,1233.3,90.7,9762,216,108,1,24,24,56
43.6,1235.6,86.8,9824,200,113,1,24,56,80
43.7,1228.2,83.4,9517,192,114,1,32,40,48
43.8,1245.1,77.3,8485,168,110,1,40,48,72
43.9,1251.2,77.3,8405,184,109,1,40,40,64
44.0,1220.9,71.8,5313,160,74,1,32,32,48
44.1,1229.1,74.9,6691,144,89,1,32,32,48
44.2,1242.0,73.3,7922,184,108,1,40,56,72
44.3,1211.8,74.9,6363,160,85,1,24,40,48
44.4,1223.7,74.9,4149,144,55,1,8,8,16
44.5,1217.0,73.3,4294,128,59,1,16,24,32
44.6,1248.3,71.8,8195,200,114,1,48,64,88
44.7,1248.9,73.3,12454,288,170,1,16,88,120
44.8,1239.9,71.8,9953,256,139,1,40,64,80
44.9,1233.9,73.3,13233,312,181,1,24,64,120
45.0,1201.4,73.3,6371,224,87,1,32,32,40
45.1,1199.7,73.3,8638,224,118,1,48,56,80
45.2,1195.2,71.8,7622,184,106,1,40,56,80
45.3,1193.3,71.6,7072,176,99,1,40,40,64
45.4,1193.9,70.0,5694,152,81,1,16,16,64
45.5,1221.0,70.0,9016,224,129,1,48,64,72
45.6,1198.4,67.0,5008,144,75,1,8,8,24
45.7,1210.8,65.8,7321,216,111,1,32,48,72
45.8,1196.1,67.7,11704,400,173,1,8,8,16
45.9,1189.8,67.7,10655,280,157,1,64,72,96
46.0,1186.5,67.7,10112,272,149,1,64,72,96
46.1,1194.1,67.7,10122,304,150,1,48,64,104
46.2,1181.5,65.1,8105,248,125,1,8,8,80
46.3,1180.4,64.6,7349,192,114,1,32,72,80
46.4,1180.3,64.6,6529,160,101,1,24,40,96
46.5,1200.9,65.5,7111,192,109,1,8,16,80
46.6,1172.4,65.9,3875,136,59,1,16,16,24
46.7,1203.8,65.9,9719,248,147,1,48,72,104
46.8,1172.4,68.8,4749,184,69,1,8,16,24
46.9,1164.1,67.7,4937,128,73,1,48,48,56
47.0,1155.4,67.7,6173,160,91,1,40,48,72
47.1,1147.5,67.0,4615,152,69,1,32,32,32
47.2,1142.6,67.7,5088,144,75,1,32,32,40
47.3,1133.6,67.7,3634,152,54,1,8,8,8
47.4,1134.2,67.7,4199,120,62,1,8,16,16
47.5,1151.6,67.0,6785,136,101,1,48,56,80
47.6,1126.4,67.0,2607,112,39,1,8,8,8
47.7,1169.6,68.6,6375,160,93,1,32,40,72
47.8,1160.4,69.5,5375,184,77,1,8,8,24
47.9,1174.6,67.7,8148,232,120,1,16,16,24
48.0,1113.0,66.3,4140,120,62,1,16,24,48
48.1,1104.9,64.6,2745,96,42,1,32,32,32
48.2,1100.6,63.6,2140,80,34,1,16,16,24
48.3,1121.1,60.7,7079,200,117,1,8,64,72
48.4,1107.5,60.6,6998,192,115,1,32,56,104
48.5,1086.3,60.5,3927,128,65,1,32,32,40
48.6,1084.1,57.1,3444,120,60,1,16,32,32
48.7,1082.1,57.0,4439,160,78,1,16,24,40
48.8,1081.3,56.0,5333,160,95,1,32,40,72
48.9,1079.3,55.8,4837,176,87,1,40,40,64
49.0,1077.3,55.8,5979,192,107,1,32,40,88
49.1,1078.2,55.6,4405,160,79,1,16,16,24
49.2,1074.2,54.8,4499,152,82,1,40,48,64
49.3,1077.2,52.6,3221,136,61,1,8,8,16
49.4,1071.7,53.3,4715,160,88,1,40,48,64
49.5,1066.7,52.6,5101,152,97,1,48,64,80
49.6,1062.8,54.0,6131,176,114,1,48,56,112
49.7,1059.9,52.4,4569,144,87,1,64,64,64
49.8,1057.7,50.9,4968,136,98,1,56,80,88
49.9,1056.3,48.2,5488,152,114,1,56,72,104
50.0,1054.3,47.1,5006,144,106,1,64,88,96
50.1,1053.2,46.0,4138,136,90,1,56,56,80
50.2,1051.4,45.3,3906,152,86,0,64,64,72
50.3,1048.4,44.6,4794,152,107,1,80,88,104
50.4,1046.9,46.0,4627,136,101,1,96,96,96
50.5,1043.8,46.0,6679,184,145,1,40,144,160
50.6,1042.4,48.2,7306,208,152,1,64,128,160
50.7,1039.5,48.2,6135,184,127,1,80,104,120
50.8,1037.0,43.0,5371,200,125,1,72,96,112
50.9,1035.3,40.3,5403,192,134,1,88,104,144
51.0,1032.7,40.3,5579,208,138,1,80,96,144
51.1,1031.1,37.0,4897,200,132,1,80,104,152
51.2,1025.7,37.0,2921,128,79,1,48,56,80
51.3,1022.7,39.6,3382,120,85,1,56,64,88
51.4,1019.7,30.4,2330,112,77,1,48,64,96
51.5,1014.5,30.4,1737,80,57,1,48,48,64
51.6,1015.0,38.9,3338,128,86,1,56,64,88
51.7,1012.9,29.0,3435,152,118,1,104,120,136
51.8,1013.2,28.1,5420,248,193,1,160,184,224
51.9,1009.7,28.0,5492,264,196,1,152,184,240
52.0,1006.6,27.9,4953,256,178,1,88,184,224
52.1,1001.7,27.7,4793,264,173,1,80,144,232
52.2,999.0,27.6,5043,256,183,1,136,168,224
52.3,997.6,27.5,4347,200,158,1,80,176,200
52.4,995.6,27.4,2786,192,102,1,56,72,144
52.5,993.5,27.2,2424,144,89,1,48,64,120
52.6,991.2,27.1,1741,112,64,1,40,48,80
52.7,988.7,27.0,1709,120,63,1,40,48,88
52.8,979.8,26.9,2819,128,105,1,88,104,120
52.9,974.7,26.8,2485,136,93,1,80,88,120
53.0,969.8,26.6,2569,144,96,1,56,88,128
53.1,966.7,26.5,3246,168,122,1,96,112,144
53.2,963.1,26.4,2278,128,86,1,64,80,104
53.3,958.6,26.3,2566,168,98,1,64,88,128
53.4,951.7,26.2,2527,128,97,1,80,96,120
53.5,942.2,26.0,2301,128,88,1,64,80,112
53.6,935.1,25.9,2117,128,82,1,48,64,104
53.7,931.1,25.8,2141,128,83,1,64,72,104
53.8,925.6,25.7,2108,128,82,1,48,64,112
53.9,922.7,25.5,2081,128,81,1,48,72,120
54.0,918.9,25.4,2452,136,96,1,80,96,120
54.1,916.0,25.3,2830,160,112,1,80,104,144
54.2,910.1,25.2,2337,168,93,1,56,72,136
54.3,906.0,25.1,2452,200,98,1,48,64,168
54.4,902.1,24.9,2628,192,105,1,56,64,176
54.5,898.6,24.8,2824,224,114,1,48,64,192
54.6,895.1,24.7,3682,256,149,1,64,72,240
54.7,891.6,24.7,2512,184,102,1,56,72,160
54.8,888.6,24.7,2031,144,82,1,24,40,128
54.9,885.8,23.6,2124,136,90,1,80,88,112
55.0,882.3,23.6,2520,176,107,1,80,96,144
55.1,878.1,23.6,3364,200,143,1,112,128,200
55.2,872.4,24.8,2879,184,116,1,72,96,152
55.3,870.1,24.8,2977,208,120,1,56,128,160
55.4,856.2,24.9,199,8,8,1,8,8,8
55.5,863.8,24.9,3115,208,125,1,32,40,208
55.6,863.7,24.8,3048,160,123,1,96,128,144
55.7,857.6,24.7,1148,112,46,1,16,16,96
55.8,860.0,24.9,2366,152,95,1,56,88,128
55.9,854.0,24.8,1988,136,80,1,40,72,120
56.0,846.8,24.9,2946,192,118,1,16,16,184
56.1,845.1,24.9,3321,192,133,1,64,120,176
56.2,843.3,25.2,2672,160,106,1,64,96,144
56.3,836.5,26.3,2495,144,95,1,48,64,136
56.4,835.5,27.3,2400,136,88,1,8,8,16
56.5,833.2,27.3,3575,184,131,1,56,120,168
56.6,830.8,27.3,3252,176,119,1,48,56,176
56.7,828.1,27.3,3668,216,134,1,48,64,200
56.8,825.9,27.3,3702,216,136,1,80,96,192
56.9,823.6,27.4,3614,192,132,1,64,80,176
57.0,820.4,27.4,3765,216,137,1,48,112,208
57.1,816.8,27.3,3294,224,121,1,56,72,192
57.2,812.7,27.3,3085,200,113,1,56,72,152
57.3,809.8,27.4,3380,184,123,1,88,104,160
57.4,807.1,27.4,3089,192,113,1,72,96,152
57.5,805.6,27.4,3109,168,113,1,56,72,168
57.6,803.3,27.4,2838,152,104,1,40,104,144
57.7,799.9,29.0,3497,176,121,1,64,88,168
57.8,797.0,29.8,3964,208,133,1,80,112,160
57.9,793.7,30.2,3228,168,107,1,56,88,136
58.0,790.6,30.6,2784,144,91,1,48,56,120
58.1,788.9,29.8,3199,160,107,1,48,88,136
58.2,786.3,29.8,3611,176,121,1,72,120,144
58.3,782.9,29.4,2685,136,91,1,48,64,120
58.4,780.2,29.4,2515,120,86,1,64,72,104
58.5,776.5,29.0,2210,120,76,1,48,64,96
58.6,775.0,29.0,2197,120,76,1,56,64,96
58.7,773.0,29.4,3283,168,112,1,64,104,136
58.8,770.8,31.6,3715,160,118,1,72,120,136
58.9,769.1,32.1,3751,160,117,1,56,120,136
59.0,767.6,32.1,4370,192,136,1,64,128,160
59.1,766.3,33.3,4220,192,127,1,80,112,152
59.2,765.7,34.3,6323,256,184,1,96,168,208
59.3,764.7,34.3,6445,256,188,1,152,168,216
59.4,764.1,34.8,7649,272,220,1,200,216,240
59.5,762.7,35.3,6977,240,198,1,168,184,208
59.6,761.9,35.4,6268,232,177,1,144,160,192
59.7,759.9,35.3,6352,248,180,1,136,168,184
59.8,760.2,34.3,6832,232,199,1,176,192,208
59.9,760.1,31.9,6384,248,200,1,168,192,224
60.0,759.5,31.9,5237,248,164,1,88,128,200
60.1,756.6,30.8,3631,232,118,1,40,72,160
60.2,754.0,34.3,5566,304,162,1,72,112,176
60.3,747.3,34.6,7110,312,205,1,144,168,216
60.4,742.7,34.6,7526,272,218,1,176,192,240
60.5,737.5,35.0,7473,256,214,1,64,208,232
60.6,733.9,35.1,7870,288,224,1,200,216,248
60.7,732.3,35.0,7872,320,225,1,184,200,232
60.8,729.1,34.6,7368,296,213,1,160,176,248
60.9,724.9,29.7,5841,272,197,1,144,168,224
61.0,721.1,29.7,4997,232,168,1,88,176,216
61.1,718.2,29.7,5105,224,172,1,88,176,200
61.2,717.2,29.3,4350,248,148,1,40,136,200
61.3,714.1,29.2,4010,200,137,1,40,48,192
61.4,713.1,29.2,5380,216,184,1,168,184,208
61.5,711.2,28.1,4760,200,169,1,152,176,192
61.6,709.2,27.9,4691,240,168,1,120,136,224
61.7,705.2,27.6,4242,272,154,1,104,120,208
61.8,703.2,27.2,4447,312,164,1,72,88,224
61.9,700.8,27.2,4549,264,167,1,88,160,208
62.0,697.3,26.7,4636,288,174,1,80,144,240
62.1,694.9,25.0,4205,256,168,1,88,168,224
62.2,690.7,24.6,2460,176,100,1,16,112,160
62.3,689.3,24.6,2516,168,102,1,64,88,136
62.4,687.1,25.4,3669,208,144,1,120,144,168
62.5,684.1,26.1,3554,192,136,1,112,136,160
62.6,682.4,26.1,4334,280,166,1,128,152,192
62.7,679.7,26.1,5677,360,218,1,80,192,320
62.8,677.1,25.4,6026,336,237,1,72,296,320
62.9,675.2,25.0,5941,336,238,1,88,256,312
63.0,672.6,25.0,5836,320,233,1,80,264,304
63.1,670.1,24.6,4487,264,182,1,64,200,256
63.2,667.5,25.0,4357,248,174,1,96,136,248
63.3,664.5,24.3,4116,240,169,1,104,184,232
63.4,663.0,24.1,4543,256,189,1,112,216,240
63.5,661.4,24.1,3091,184,128,1,72,128,168
63.6,659.6,24.6,3259,192,132,1,72,112,184
63.7,657.2,28.4,3904,248,137,1,80,128,160
63.8,656.1,28.5,5616,360,197,1,64,144,312
63.9,654.1,28.5,5700,344,200,1,40,136,296
64.0,652.7,28.5,7137,376,250,1,88,232,336
64.1,650.1,28.9,7173,368,248,1,120,256,312
64.2,647.5,28.9,5299,272,183,1,80,192,224
64.3,645.8,28.6,5390,296,188,1,120,176,240
64.4,644.3,28.6,5420,280,190,1,112,184,232
64.5,642.5,28.6,5240,264,183,1,104,184,224
64.6,639.2,25.1,3581,216,143,1,72,160,192
64.7,639.0,24.4,3127,224,128,1,24,128,200
64.8,635.5,24.7,3314,248,134,1,56,88,192
64.9,633.8,27.0,4433,256,164,1,80,152,216
65.0,632.1,28.1,5551,280,198,1,64,200,248
65.1,630.1,28.6,5786,288,202,1,56,216,256
65.2,627.7,28.9,5699,288,197,1,64,208,256
65.3,625.9,28.9,4653,280,161,1,72,144,192
65.4,625.8,29.0,5103,248,176,1,136,176,208
65.5,623.3,29.0,4854,248,167,1,88,160,208
65.6,621.4,29.0,5755,368,198,1,80,176,240
65.7,620.5,29.0,6503,360,224,1,120,184,312
65.8,618.7,29.0,6183,344,213,1,64,192,280
65.9,617.6,29.0,4856,320,167,1,64,136,224
66.0,616.5,29.3,4822,304,165,1,64,128,216
66.1,614.3,29.6,4885,328,165,1,64,112,208
66.2,613.5,29.0,5283,320,182,1,88,144,240
66.3,611.4,29.0,4486,232,155,1,80,136,216
66.4,610.2,29.0,3425,192,118,1,72,80,160
66.5,609.6,28.6,7207,336,252,1,176,232,312
66.6,608.4,28.2,5180,336,184,1,72,88,304
66.7,606.2,28.2,4373,272,155,1,64,88,256
66.8,606.1,28.6,4720,304,165,1,64,88,248
66.9,604.8,28.4,4295,256,151,1,64,80,232
67.0,603.6,29.0,4031,224,139,1,64,80,216
67.1,602.7,27.9,3738,208,134,1,64,88,200
67.2,602.3,28.2,4660,264,165,1,72,128,232
67.3,600.9,28.2,5292,312,188,1,72,160,272
67.4,598.9,27.6,5507,400,200,1,56,96,352
67.5,598.2,27.2,14311,1136,526,1,56,104,936
67.6,597.4,27.2,12999,1120,478,1,72,224,808
67.7,596.1,27.1,6538,520,241,1,64,128,336
67.8,593.9,27.1,6284,576,232,1,72,120,384
67.9,592.7,24.5,5427,608,221,1,72,112,416
68.0,591.8,25.9,6579,584,254,1,80,200,376
68.1,590.3,24.5,4731,336,193,1,88,176,304
68.2,588.4,25.9,3104,200,120,1,80,88,176
68.3,587.6,25.9,3885,256,150,1,104,120,208
68.4,586.5,24.5,4120,264,168,1,104,136,256
68.5,585.1,25.4,4778,384,188,1,104,128,248
68.6,583.0,26.0,4623,352,178,1,72,112,280
68.7,582.5,26.0,5725,472,220,1,104,152,280
68.8,581.0,26.4,6313,512,239,1,104,128,280
68.9,579.0,26.4,5453,472,207,1,80,104,256
69.0,578.2,26.6,5135,448,193,1,32,80,248
69.1,577.7,26.6,4882,448,184,1,72,72,352
69.2,575.8,26.4,4630,440,175,1,64,104,232
69.3,575.7,26.0,4418,344,170,1,88,104,272
69.4,576.6,25.7,5704,408,222,1,112,136,328
69.5,576.2,25.4,6521,368,257,1,112,240,360
69.6,571.8,24.9,6141,432,247,1,152,168,336
69.7,570.3,24.9,4670,328,188,1,104,120,288
69.8,568.7,25.4,3705,288,146,1,64,88,240
69.9,568.0,25.4,3661,272,144,1,64,96,224
70.0,567.0,25.7,3329,232,130,1,56,80,200
70.1,566.4,25.0,3926,256,157,1,88,104,240
70.2,565.8,25.0,4176,288,167,1,96,112,248
70.3,564.4,25.0,3543,272,142,1,88,104,216
70.4,563.3,24.8,2770,256,112,1,56,64,200
70.5,562.6,25.0,3101,248,124,1,48,64,224
70.6,560.7,25.6,4017,312,157,1,72,104,256
70.7,559.8,25.6,4428,304,173,1,88,144,264
70.8,557.8,25.5,5077,336,199,1,104,192,296
70.9,556.4,25.5,4092,288,160,1,56,144,256
71.0,556.7,25.7,3720,256,145,1,88,112,216
71.1,555.0,25.7,2655,176,103,1,64,80,136
71.2,554.2,25.7,3088,232,120,1,72,96,168
71.3,554.1,25.5,3181,208,125,1,80,104,160
71.4,553.8,25.8,3790,240,147,1,80,120,200
71.5,552.6,25.5,3705,232,145,1,88,128,192
71.6,550.7,25.4,3494,288,138,1,72,104,160
71.7,549.5,25.4,3670,264,144,1,72,112,216
71.8,548.9,25.2,3349,200,133,1,64,80,192
71.9,547.4,25.1,3565,264,142,1,88,112,200
72.0,547.7,24.8,3400,232,137,1,48,88,216
72.1,546.5,24.4,3339,200,137,1,96,112,184
72.2,546.4,24.4,3467,304,142,1,80,112,216
72.3,545.7,24.4,3245,304,133,1,56,104,168
72.4,544.4,24.4,3575,304,147,1,72,112,224
72.5,543.7,24.4,4143,328,170,1,64,64,320
72.6,542.9,23.9,4158,368,174,1,80,104,304
72.7,542.6,23.9,3997,304,167,1,88,112,264
72.8,540.8,22.9,2829,216,124,1,80,88,200
72.9,539.4,22.4,2768,240,124,1,72,112,208
73.0,539.9,21.5,3500,296,163,1,96,152,280
73.1,538.5,20.9,3940,384,189,1,104,144,376
73.2,536.1,20.9,4403,440,211,1,120,152,440
73.3,535.7,20.9,5609,448,268,1,128,200,440
73.4,535.3,21.4,8610,760,402,1,104,464,752
73.5,534.7,22.1,11813,728,535,1,496,512,720
73.6,534.3,24.8,10043,576,405,1,312,424,560
73.7,533.1,26.0,9138,584,351,1,80,272,528
73.8,531.7,27.3,12269,888,449,1,64,232,712
73.9,529.6,28.0,14764,840,527,1,96,224,800
74.0,528.7,28.4,26576,1576,936,1,64,144,1016
74.1,528.3,28.6,19945,1104,697,1,72,120,424
74.2,526.4,28.6,5174,376,181,1,72,104,248
74.3,524.2,28.5,9300,616,326,1,64,88,256
74.4,523.8,28.5,5684,384,199,1,72,96,288
74.5,523.5,28.5,4647,352,163,1,64,80,248
74.6,522.9,28.5,4896,344,172,1,80,104,240
74.7,520.0,28.5,4555,328,160,1,96,112,216
74.8,517.6,28.5,3525,248,124,1,48,80,176
74.9,518.4,28.5,3029,224,106,1,64,80,128
75.0,517.6,28.5,3614,240,127,1,64,72,144
75.1,516.9,28.4,3669,328,129,1,48,56,160
75.2,516.6,28.0,3880,360,139,1,64,72,176
75.3,515.3,27.5,1470,72,53,1,48,48,56
75.4,514.9,27.5,2864,280,104,1,32,32,40
75.5,514.5,27.4,3495,288,128,1,64,64,96
75.6,515.5,25.9,3138,280,121,1,32,96,176
75.7,512.4,25.5,1478,128,58,1,32,40,80
75.8,511.6,23.9,1539,96,64,1,56,56,80
75.9,511.1,23.9,1461,128,61,1,40,40,72
76.0,510.7,23.5,2419,216,103,1,40,56,168
76.1,509.9,23.5,1926,160,82,1,40,80,120
76.2,509.4,23.5,2863,248,122,1,40,88,224
76.3,508.5,23.0,2988,264,130,1,48,72,256
76.4,508.0,22.8,3137,240,138,1,64,104,224
76.5,507.3,23.4,2936,256,125,1,56,88,224
76.6,507.0,22.8,2758,280,121,1,56,72,256
76.7,506.6,22.8,2908,280,128,1,72,88,240
76.8,505.6,22.8,3367,368,148,1,96,96,240
76.9,504.6,22.8,2788,208,122,1,88,112,184
77.0,503.9,22.8,5151,464,226,1,72,232,392
77.1,503.7,22.8,3235,376,142,1,72,96,288
77.2,502.6,22.8,2929,344,128,1,72,88,328
77.3,501.2,22.8,2195,240,96,1,56,72,144
77.4,500.8,22.8,2832,336,124,1,48,56,312
77.5,501.5,22.8,2662,256,117,1,48,72,248
77.6,499.5,22.8,1974,216,87,1,32,56,200
77.7,499.5,22.7,2240,224,99,1,48,72,208
77.8,497.9,22.7,2136,160,94,1,80,80,152
77.9,496.9,22.7,1935,120,85,1,64,72,120
78.0,497.0,22.8,2892,224,127,1,72,88,208
78.1,496.2,22.7,2842,240,125,1,80,96,200
78.2,495.4,22.7,2885,280,127,1,72,88,216
78.3,494.8,22.0,2632,264,120,1,64,88,232
78.4,495.2,20.6,3583,328,174,1,72,128,320
78.5,495.1,20.4,2762,208,135,1,72,112,208
78.6,494.2,20.2,3762,320,186,1,104,208,320
78.7,493.3,20.2,3479,264,172,1,104,192,256
78.8,492.2,20.2,2435,208,121,1,80,120,208
78.9,490.9,20.2,2103,168,104,1,80,88,168
79.0,491.3,20.2,2843,200,141,1,104,168,192
79.1,489.7,20.0,3010,216,151,1,96,184,216
79.2,489.2,20.2,3282,272,162,1,96,160,200
79.3,488.9,20.0,3021,256,151,1,96,136,256
79.4,487.4,20.1,2999,256,149,1,80,136,248
79.5,487.3,20.2,3781,296,187,1,112,176,296
79.6,486.2,20.1,2857,216,142,1,88,152,208
79.7,485.1,20.3,2553,208,126,1,80,128,208
79.8,484.5,20.4,2368,192,116,1,80,96,192
79.9,483.5,20.4,2208,176,108,1,80,96,176
80.0,482.1,20.7,2105,184,102,1,72,88,184
80.1,481.8,20.3,1785,168,88,1,64,80,168
80.2,481.0,20.3,1932,136,95,1,80,96,136
80.3,481.7,20.3,1514,168,75,1,48,64,168
80.4,480.6,20.3,1752,232,86,1,56,64,232
80.5,478.7,20.3,1483,232,73,1,40,40,200
80.6,477.7,20.7,2294,296,111,1,64,96,280
80.7,476.7,20.4,2072,264,102,1,64,80,264
80.8,477.5,20.6,2176,176,106,1,88,96,168
80.9,476.1,20.9,1200,96,57,1,48,56,88
81.0,475.0,20.9,1604,96,77,1,72,80,96
81.1,474.1,20.9,2518,208,120,1,88,112,208
81.2,473.7,20.9,2650,240,127,1,64,112,232
81.3,474.3,20.5,2075,216,101,1,32,88,208
81.4,473.7,20.4,2446,192,120,1,88,120,192
81.5,473.1,20.3,2833,248,140,1,88,112,248
81.6,472.4,20.3,2659,272,131,1,96,112,256
81.7,471.8,20.3,2701,296,133,1,80,112,296
81.8,471.8,19.8,2350,280,119,1,32,104,288
81.9,468.4,19.7,1659,184,84,1,32,88,208
82.0,470.3,19.6,2442,272,125,1,80,120,280
82.1,469.8,19.6,2449,272,125,1,32,128,280
82.2,470.6,19.5,2908,312,149,1,88,136,320
82.3,468.9,19.3,2609,272,135,1,16,152,288
82.4,466.8,18.8,2508,240,133,1,80,104,248
82.5,468.4,18.4,2692,256,146,1,24,24,264
82.6,463.1,18.3,2179,248,119,1,56,120,256
82.7,467.2,18.2,3738,360,205,1,112,192,368
82.8,464.3,16.8,3030,336,180,1,104,208,352
82.9,464.5,16.8,3299,360,196,1,104,248,424
83.0,463.9,16.4,2791,320,170,1,96,200,336
83.1,463.2,16.2,2058,256,127,1,72,168,280
83.2,463.1,16.2,2236,264,138,1,40,192,272
83.3,463.1,15.6,3410,368,219,1,128,288,416
83.4,462.7,15.9,3459,368,218,1,128,304,480
83.5,462.3,16.1,3680,376,229,1,56,328,424
83.6,460.9,15.6,2756,312,177,1,32,280,376
83.7,462.3,15.6,3322,320,213,1,152,288,368
83.8,461.2,15.6,4005,376,257,1,216,336,440
83.9,459.6,15.6,3439,368,220,1,88,272,424
84.0,460.5,15.6,3964,488,254,1,120,208,664
84.1,458.0,15.3,1870,184,122,1,120,128,576
84.2,454.7,15.3,2482,240,162,1,152,184,336
84.3,456.4,15.5,2457,248,159,1,136,160,344
84.4,453.0,15.5,1601,216,103,1,80,104,240
84.5,451.9,16.0,1551,216,97,1,40,48,240
84.6,454.4,16.4,2283,248,139,1,40,192,272
84.7,455.0,16.4,2794,248,170,1,48,224,280
84.8,454.3,16.6,2918,248,176,1,144,216,264
84.9,453.9,16.6,2866,272,173,1,144,208,304
85.0,453.1,16.7,3107,296,186,1,136,232,368
85.1,451.3,16.9,2743,304,162,1,112,160,384
85.2,451.5,16.8,2512,288,150,1,112,136,304
85.3,451.9,17.3,2485,224,144,1,104,168,240
85.4,452.5,16.9,4768,488,282,1,88,112,496
85.5,451.1,16.7,1930,248,116,1,64,88,432
85.6,448.5,16.7,3647,336,218,1,88,240,392
85.7,448.7,16.7,1949,224,117,1,16,24,256
85.8,447.1,16.7,1957,168,117,1,104,128,200
85.9,450.6,16.7,2051,168,123,1,104,136,192
86.0,449.6,16.7,2201,200,132,1,40,144,216
86.1,445.7,17.3,2225,216,129,1,128,144,232
86.2,447.1,17.8,2541,216,143,1,144,160,240
86.3,444.4,17.9,2312,200,129,1,88,160,224
86.4,446.6,17.9,2511,224,140,1,144,144,232
86.5,445.3,18.1,3190,240,176,1,160,184,264
86.6,444.8,17.9,3549,296,198,1,176,200,312
86.7,445.6,17.2,3451,288,201,1,192,216,320
86.8,444.2,16.9,2817,264,167,1,152,192,288
86.9,444.3,16.4,2697,288,164,1,80,192,344
87.0,440.6,16.2,2207,296,136,1,80,104,504
87.1,439.5,16.6,2700,360,163,1,128,192,464
87.2,443.4,16.9,3994,512,236,1,144,184,592
87.3,444.5,16.6,4147,528,250,1,192,264,752
87.4,444.4,15.8,4600,560,291,1,176,248,656
87.5,443.9,15.8,2997,272,190,1,184,240,312
87.6,445.4,16.5,3149,272,191,1,192,232,392
87.7,443.8,16.5,3313,336,201,1,40,248,392
87.8,443.1,15.6,3112,320,199,1,184,200,400
87.9,442.0,15.6,2612,312,167,1,144,160,360
88.0,441.7,15.6,1896,288,122,1,48,104,440
88.1,441.0,15.3,2582,400,169,1,104,136,456
88.2,441.1,15.1,3434,352,227,1,168,272,384
88.3,440.4,14.3,2333,256,163,1,24,176,264
88.4,439.7,14.2,2317,216,163,1,160,184,248
88.5,438.7,14.2,1783,184,126,1,120,152,232
88.6,438.1,14.3,2105,200,147,1,80,192,352
88.7,437.9,14.2,2124,224,150,1,56,200,248
88.8,437.5,14.2,2148,216,151,1,120,208,240
88.9,437.8,14.0,1732,192,124,1,80,176,224
89.0,437.5,13.3,2203,256,166,1,16,248,264
89.1,435.6,12.3,2032,288,165,1,48,272,328
89.2,436.7,12.1,2832,320,234,1,280,304,384
89.3,435.0,11.9,2218,256,186,1,224,248,384
89.4,436.2,11.8,1744,232,148,1,40,208,328
89.5,435.2,11.8,1435,192,122,1,128,152,272
89.6,435.5,11.8,1551,232,131,1,8,192,576
89.7,435.2,11.8,2411,440,204,1,184,416,544
89.8,434.4,11.7,2688,520,230,1,40,496,656
89.9,434.5,11.7,3771,584,322,1,256,560,752
90.0,434.1,11.7,4310,688,368,1,248,640,896
90.1,433.7,11.6,4079,624,352,1,120,568,928
90.2,433.2,11.5,3666,560,319,1,96,496,864
90.3,432.3,11.4,3262,496,286,1,72,472,864
90.4,432.1,10.1,3230,576,320,1,352,576,960
90.5,431.3,10.1,2648,488,262,1,80,488,832
90.6,431.8,10.1,2856,464,283,1,144,464,944
90.7,430.8,9.9,2105,376,213,1,232,376,840
90.8,428.0,9.4,799,272,85,1,56,288,800
90.9,430.2,9.0,1530,264,170,1,208,272,664
91.0,430.6,8.7,1234,216,142,1,176,224,624
91.1,429.2,7.5,855,232,114,1,24,240,688
91.2,430.6,7.5,1115,240,149,1,224,264,896
91.3,430.5,7.0,1086,248,155,1,232,256,992
91.4,428.3,6.5,963,264,148,1,232,336,1136
91.5,427.8,6.5,1291,280,199,1,264,296,632
91.6,426.8,6.1,838,240,137,1,240,384,464
91.7,426.1,6.1,95,24,16,1,24,376,480
91.8,426.1,5.8,944,352,163,1,352,376,480
91.9,426.0,6.5,1469,360,226,1,344,368,456
92.0,425.0,7.5,1753,360,234,1,352,360,448
92.1,424.4,7.8,1794,344,230,1,328,344,368
92.2,423.3,8.2,1612,328,197,1,104,328,360
92.3,423.4,8.5,1605,344,189,1,32,352,480
92.4,423.5,8.7,2084,368,240,1,32,376,552
92.5,423.8,10.1,2401,312,238,1,272,312,576
92.6,423.7,10.6,3628,560,342,1,56,560,608
92.7,422.8,10.6,3665,496,346,1,360,496,808
92.8,422.6,10.9,3424,576,314,1,304,536,648
92.9,421.7,11.2,4026,512,359,1,376,512,736
93.0,420.9,11.2,2452,320,219,1,224,304,616
93.1,420.3,11.2,1787,240,160,1,176,224,464
93.2,417.9,10.9,504,96,46,1,56,72,384
93.3,419.9,10.9,1208,160,111,1,120,152,360
93.4,419.5,10.9,1617,200,148,1,144,200,344
93.5,418.8,11.4,1767,256,155,1,24,248,288
93.6,418.2,12.3,2989,376,243,1,80,376,400
93.7,415.2,12.3,2427,392,197,1,40,128,432
93.8,417.5,12.9,2691,256,209,1,216,248,456
93.9,417.5,12.4,2059,272,166,1,56,232,344
94.0,416.5,12.9,2050,256,159,1,120,240,312
94.1,416.3,11.7,1058,112,90,1,112,112,288
94.2,414.1,12.8,1367,168,107,1,72,96,288
94.3,416.8,10.9,3198,560,293,1,120,528,736
94.4,415.6,10.9,3017,440,277,1,240,432,584
94.5,414.9,10.9,1502,224,138,1,112,224,360
94.6,415.0,10.7,1709,280,160,1,72,272,360
94.7,415.1,10.7,2506,368,234,1,176,368,416
94.8,414.0,10.8,1861,296,172,1,144,288,400
94.9,414.5,10.8,2289,288,212,1,192,280,384
95.0,413.0,10.6,2042,272,193,1,200,272,392
95.1,412.9,10.8,2065,232,191,1,208,232,320
95.2,412.3,10.8,1256,184,116,1,112,184,240
95.3,413.3,10.9,1192,152,109,1,128,144,168
95.4,412.7,10.9,2019,304,185,1,184,304,336
95.5,410.6,10.9,1480,232,136,1,136,232,304
95.6,410.6,10.8,1573,248,146,1,32,248,288
95.7,410.1,10.6,1413,240,133,1,16,240,264
95.8,411.8,9.5,1682,256,177,1,32,256,296
95.9,412.2,8.5,1565,264,184,1,24,296,368
96.0,411.3,8.5,1839,304,216,1,232,304,440
96.1,410.7,8.2,1848,320,225,1,224,320,344
96.2,409.9,8.2,1868,344,228,1,192,352,840
96.3,407.6,7.8,1368,288,175,1,248,304,632
96.4,409.7,7.9,1118,184,141,1,168,184,256
96.5,409.7,7.9,104,16,13,1,16,200,304
96.6,407.6,8.0,963,280,120,1,72,296,344
96.7,408.8,8.0,1233,312,154,1,32,328,384
96.8,408.8,7.9,1393,344,176,1,72,352,392
96.9,407.8,7.9,814,216,103,1,40,320,336
97.0,406.1,7.9,1126,304,142,1,96,320,352
97.1,407.1,8.1,1266,272,156,1,80,288,1040
97.2,407.2,8.1,1620,568,200,1,112,680,696
97.3,406.6,8.0,925,360,116,1,104,512,544
97.4,406.4,7.9,1565,480,198,1,144,528,600
97.5,405.0,8.0,1492,368,186,1,248,520,584
97.6,405.2,8.5,966,184,114,1,128,200,216
97.7,404.6,9.1,124,16,14,1,16,16,232
97.8,404.7,9.7,1388,208,143,1,72,216,240
97.9,404.3,9.7,1424,256,147,1,88,256,304
98.0,404.6,9.7,1651,272,170,1,72,272,304
98.1,403.1,10.4,1591,272,153,1,32,272,312
98.2,405.2,10.4,2060,288,198,1,184,288,344
98.3,403.6,10.7,2753,336,257,1,312,336,416
98.4,400.2,10.8,2112,384,196,1,112,376,472
98.5,403.6,11.0,3133,392,285,1,128,176,488
98.6,402.7,12.1,2893,288,239,1,272,288,432
98.7,401.5,13.4,2714,352,203,1,136,336,480
98.8,403.3,12.1,2529,288,209,1,112,272,360
98.9,403.8,10.8,2338,304,216,1,136,296,384
99.0,400.4,10.8,1852,280,172,1,136,280,328
99.1,402.0,10.1,2001,264,198,1,136,264,288
99.2,402.1,10.1,1762,240,174,1,104,240,288
99.3,401.1,10.8,2006,240,186,1,96,240,288
99.4,401.5,10.8,1326,136,123,1,136,136,240
99.5,400.3,12.1,1279,136,106,1,120,120,144
99.6,399.0,12.1,972,96,80,1,88,96,104
99.7,399.2,12.1,1020,120,84,1,96,112,128
99.8,400.2,14.5,1085,104,75,1,72,80,128
99.9,399.4,14.5,1360,112,94,1,104,112,112
100.0,401.0,18.2,1387,112,76,1,48,96,120
100.1,399.4,18.4,1885,176,102,1,8,104,176
100.2,400.1,18.4,2180,184,118,1,88,120,192
100.3,400.1,18.5,2178,192,118,1,72,128,200
100.4,399.5,18.5,2670,240,144,1,24,152,248
100.5,398.6,13.7,1705,192,124,1,128,144,224
100.6,398.6,8.5,433,56,51,1,56,128,176
100.7,398.4,8.5,742,104,87,1,104,152,176
100.8,396.9,8.2,150,24,18,1,24,32,168
100.9,393.1,7.9,63,8,8,1,8,8,144
101.0,396.8,7.6,886,160,116,1,152,168,192
101.1,397.5,7.3,1026,168,140,1,160,176,184
101.2,394.9,7.0,75,16,11,1,16,16,176
101.3,397.5,6.8,618,136,92,1,120,152,208
101.4,395.8,6.5,312,88,48,1,80,96,176
101.5,395.9,6.2,377,80,61,1,80,88,192
101.6,396.6,5.9,151,40,26,1,40,48,240
101.7,396.2,5.6,509,128,91,1,128,136,192
101.8,395.9,5.3,463,144,87,1,144,152,216
101.9,396.2,5.3,468,136,88,1,136,152,200
102.0,395.6,5.3,89,32,17,1,32,56,224
102.1,395.0,5.0,69,16,14,1,16,24,184
102.2,393.8,5.0,315,88,63,1,88,112,176
102.3,393.5,5.0,397,128,79,1,128,184,216
102.4,393.4,5.0,371,144,74,1,144,192,216
102.5,392.1,5.0,361,88,72,1,88,104,136
102.6,392.7,5.0,195,56,39,1,56,120,168
102.7,391.3,6.8,609,136,90,1,104,136,152
102.8,389.6,6.8,670,128,98,1,120,192,216
102.9,385.4,8.3,136,32,16,1,16,40,160
103.0,386.7,9.2,555,72,60,1,72,72,168
103.1,386.9,10.1,1157,152,115,1,128,152,168
103.2,386.9,11.1,964,104,87,1,96,104,152
103.3,386.2,11.3,956,104,85,1,96,104,184
103.4,386.5,11.2,511,56,46,1,48,56,176
103.5,385.5,11.1,233,24,21,1,24,24,168
103.6,385.9,11.1,1429,144,129,1,136,144,168
103.7,384.6,11.1,1282,144,115,1,128,144,168
103.8,383.5,11.3,161,16,14,1,16,16,152
103.9,384.2,11.3,544,88,48,1,40,88,136
104.0,380.4,11.1,171,24,15,1,16,24,160
104.1,381.9,10.6,663,72,63,1,64,72,144
104.2,385.2,10.6,1122,144,106,1,104,136,176
104.3,384.6,10.1,958,112,95,1,96,112,128
104.4,383.7,10.1,455,56,45,1,48,56,152
104.5,383.7,10.1,795,104,79,1,80,104,160
104.6,383.4,10.6,574,80,54,1,56,64,104
104.7,382.0,10.6,1010,176,95,1,88,168,200
104.8,381.9,10.6,748,96,71,1,72,88,152
104.9,381.6,9.7,330,40,34,1,32,40,168
105.0,381.0,9.6,1135,152,118,1,128,152,168
105.1,379.8,9.6,700,88,73,1,80,88,144
105.2,378.8,9.9,489,56,49,1,48,56,144
105.3,378.6,7.3,192,40,26,1,32,48,152
105.4,380.7,6.8,82,16,12,1,16,16,168
105.5,377.9,5.9,206,40,35,1,40,40,136
105.6,373.7,5.6,91,24,16,1,24,24,24
105.7,375.7,5.6,167,40,30,1,40,40,112
105.8,376.5,5.2,171,56,33,1,56,72,136
105.9,377.1,5.6,85,24,15,1,24,24,96
106.0,374.4,5.6,74,24,13,1,24,24,120
106.1,377.4,6.2,273,64,44,1,56,80,176
106.2,378.3,6.2,201,64,32,1,48,72,200
106.3,376.3,6.2,148,32,24,1,32,32,168
106.4,376.6,6.2,212,40,34,1,40,48,200
106.5,376.0,6.2,662,160,107,1,144,168,240
106.6,376.4,6.2,684,160,110,1,136,272,400
106.7,372.3,6.2,315,144,51,1,136,200,272
106.8,373.3,6.2,593,208,96,1,176,328,424
106.9,375.7,8.7,1487,312,171,1,40,312,624
107.0,375.8,9.2,1172,168,127,1,136,176,520
107.1,374.5,8.5,811,136,95,1,128,144,200
107.2,375.6,8.2,391,72,48,1,64,80,168
107.3,374.5,6.4,139,24,22,1,24,24,160
107.4,375.4,6.4,451,112,70,1,96,112,216
107.5,374.4,6.6,293,56,44,1,48,56,288
107.6,373.9,7.4,508,112,69,1,104,136,232
107.7,374.2,7.4,450,96,61,1,88,112,232
107.8,374.1,8.2,452,80,55,1,64,88,288
107.9,373.2,7.4,368,64,50,1,64,80,296
108.0,372.3,7.4,267,48,36,1,48,48,272
108.1,373.5,7.4,237,40,32,1,40,72,264
108.2,373.9,7.4,254,40,34,1,40,48,288
108.3,373.5,8.2,550,72,67,1,72,80,304
108.4,372.6,8.2,588,88,72,1,88,88,280
108.5,372.8,7.4,824,128,111,1,120,136,328
108.6,372.1,5.9,356,80,60,1,72,80,256
108.7,372.5,5.2,370,88,71,1,88,120,152
108.8,370.8,5.3,250,72,47,1,72,88,472
108.9,371.6,5.3,471,112,89,1,112,120,480
109.0,370.4,5.1,697,248,137,1,240,352,528
109.1,370.3,4.7,158,48,34,1,48,56,720
109.2,369.5,4.6,90,32,20,1,32,32,496
109.3,369.9,4.4,321,88,73,1,96,96,472
109.4,368.8,4.7,83,24,18,1,24,32,488
109.5,369.2,4.7,89,24,19,1,24,32,40
109.6,368.3,4.4,101,32,23,1,32,40,40
109.7,368.1,4.4,589,208,134,1,216,344,488
109.8,368.2,4.4,159,48,36,1,56,64,504
109.9,367.8,4.4,664,232,151,1,232,312,432
110.0,366.1,5.2,442,160,85,1,160,224,264
110.1,367.3,6.4,424,96,66,1,88,104,152
110.2,366.8,6.9,238,48,34,1,48,56,80
110.3,364.5,6.9,364,80,53,1,72,88,120
110.4,363.7,6.9,727,160,105,1,160,176,192
110.5,366.7,7.1,717,112,101,1,112,120,160
110.6,363.6,7.5,538,120,72,1,112,128,176
110.7,364.5,7.5,452,88,60,1,80,88,200
110.8,362.3,7.8,334,56,43,1,56,64,152
110.9,359.7,7.8,180,32,23,1,32,40,136
111.0,360.2,7.8,144,24,18,1,24,32,168
111.1,362.8,8.2,234,40,28,1,32,72,176
111.2,360.4,8.2,191,32,23,1,32,32,160
111.3,360.3,9.9,290,32,29,1,32,32,184
111.4,360.4,11.1,356,56,32,1,32,48,168
111.5,360.2,11.3,435,56,39,1,40,56,144
111.6,360.3,11.3,635,80,56,1,56,72,120
111.7,360.0,11.3,263,24,23,1,24,24,136
111.8,359.3,11.6,591,64,51,1,56,64,168
111.9,360.9,11.6,585,104,50,1,40,96,208
112.0,360.5,11.6,469,88,40,1,32,72,200
112.1,360.5,11.6,544,72,47,1,40,72,176
112.2,359.5,12.1,275,40,23,1,24,32,192
112.3,358.8,11.9,918,112,77,1,72,112,248
112.4,358.7,11.9,971,152,82,1,72,128,280
112.5,357.8,11.9,1456,160,122,1,128,152,264
112.6,358.2,12.8,794,112,62,1,56,72,240
112.7,357.4,12.6,543,80,43,1,40,56,208
112.8,357.0,11.9,582,64,49,1,48,56,200
112.9,356.4,11.9,729,96,61,1,64,80,184
113.0,357.2,11.9,856,112,72,1,72,104,192
113.1,356.9,11.9,636,64,53,1,56,64,208
113.2,356.1,11.9,791,72,67,1,72,72,200
113.3,355.5,11.9,1544,152,130,1,144,152,168
113.4,355.9,11.9,694,72,58,1,56,72,152
113.5,354.8,11.9,1123,120,94,1,96,120,144
113.6,356.6,11.3,237,24,21,1,24,24,168
113.7,354.9,11.3,315,32,28,1,32,32,144
113.8,354.5,10.5,323,40,31,1,32,40,136
113.9,354.5,10.5,388,48,37,1,40,48,80
114.0,353.9,10.5,334,48,32,1,32,48,144
114.1,353.5,6.9,630,112,91,1,104,120,160
114.2,352.1,7.2,110,24,15,1,16,24,224
114.3,354.2,5.3,467,104,88,1,104,128,224
114.4,353.0,5.3,304,88,57,1,80,104,208
114.5,353.0,5.3,155,48,29,1,40,64,192
114.6,353.0,5.4,298,72,55,1,72,80,192
114.7,352.9,5.3,319,72,60,1,72,80,224
114.8,352.4,4.5,275,80,61,1,80,88,512
114.9,351.8,4.5,77,32,17,1,32,48,440
115.0,353.2,4.5,243,96,54,1,96,128,256
115.1,353.1,4.5,221,72,49,1,72,112,344
115.2,352.3,4.5,127,40,28,1,40,48,456
115.3,352.5,4.5,329,184,73,1,184,200,384
115.4,352.9,4.5,314,176,70,1,176,200,288
115.5,352.6,4.5,65,16,14,1,16,16,296
115.6,352.7,4.6,298,104,65,1,104,128,256
115.7,352.0,4.6,88,24,19,1,24,32,264
115.8,351.6,4.6,123,32,27,1,32,48,216
115.9,349.8,4.6,232,64,50,1,64,72,248
116.0,351.4,4.6,295,104,64,1,104,128,224
116.1,352.5,4.6,383,120,83,1,120,144,232
116.2,351.9,4.6,225,80,49,1,88,104,208
116.3,351.1,4.6,166,56,36,1,56,104,264
116.4,349.9,4.6,111,32,24,1,32,40,256
116.5,349.9,4.6,167,72,36,1,72,128,304
116.6,350.3,4.7,194,80,42,1,88,152,232
116.7,350.6,4.7,224,120,48,1,120,152,336
116.8,349.7,4.7,146,120,31,1,120,136,280
116.9,349.4,4.7,319,80,68,1,80,88,272
117.0,348.5,4.7,456,136,97,1,136,184,248
117.1,347.8,4.7,289,96,61,1,104,184,288
117.2,345.8,4.7,151,64,32,1,64,96,208
117.3,348.1,4.7,101,40,21,1,40,88,168
117.4,349.2,4.7,145,48,31,1,56,88,232
117.5,347.5,4.7,95,40,20,1,40,64,280
117.6,346.9,4.7,185,64,39,1,64,104,240
117.7,347.1,4.7,309,96,65,1,96,112,216
117.8,347.1,4.8,312,112,66,1,112,128,224
117.9,348.6,4.8,311,104,65,1,104,120,304
118.0,348.6,4.8,273,80,57,1,80,96,184
118.1,347.2,4.8,38,8,8,1,8,16,136
118.2,347.3,4.8,79,24,16,1,24,24,160
118.3,346.4,4.8,98,24,20,1,24,32,40
118.4,345.9,4.8,348,112,72,1,120,136,192
118.5,346.4,4.8,331,88,69,1,88,112,152
118.6,345.0,4.8,217,64,45,1,64,80,136
118.7,345.4,4.8,144,48,30,1,48,64,120
118.8,342.9,4.8,331,96,68,1,96,128,168
118.9,342.5,4.9,367,112,76,1,112,120,152
119.0,342.3,4.9,63,16,13,1,16,24,96
119.1,342.2,4.9,151,56,31,1,56,88,128
119.2,342.0,4.9,146,48,30,1,48,56,96
119.3,343.1,4.9,123,40,25,1,40,96,264
119.4,342.5,4.9,209,56,43,1,56,72,184
119.5,341.8,4.9,256,72,52,1,72,96,168
119.6,341.9,4.9,120,32,24,1,32,48,128
119.7,341.4,4.9,213,48,43,1,48,56,176
119.8,341.8,4.9,445,104,90,1,104,104,160
119.9,341.0,4.9,460,112,93,1,112,120,168
120.0,339.3,5.0,511,152,103,1,152,160,248
120.1,339.7,5.0,261,88,53,1,88,96,224
120.2,339.9,5.0,371,104,75,1,104,112,176
120.3,339.2,5.0,378,120,76,1,120,136,224
120.4,338.3,5.0,369,144,74,1,144,160,240
120.5,335.6,5.0,85,24,17,1,24,32,248
120.6,338.3,5.0,205,96,41,1,96,136,208
120.7,333.9,5.0,92,32,18,1,32,136,160
120.8,337.1,5.0,120,32,24,1,32,40,176
120.9,336.0,5.0,262,80,52,1,80,96,144
121.0,336.9,5.0,66,16,13,1,16,24,192
121.1,336.6,5.0,175,56,35,1,56,80,192
121.2,336.7,5.1,101,24,20,1,24,24,184
121.3,334.9,5.1,116,32,23,1,32,40,160
121.4,336.1,5.1,93,24,18,1,24,32,176
121.5,333.6,5.1,55,16,11,1,16,24,160
121.6,335.9,5.1,253,64,50,1,64,72,128
121.7,336.8,5.1,287,72,56,1,72,80,144
121.8,332.4,5.1,41,8,8,1,8,16,136
121.9,335.7,5.1,142,40,28,1,40,48,152
122.0,335.0,5.1,168,40,33,1,40,56,224
122.1,333.3,5.1,202,48,39,1,48,56,160
122.2,334.7,5.1,69,16,13,1,16,24,24
122.3,333.6,5.2,92,32,18,1,32,40,160
122.4,335.2,5.2,111,32,21,1,32,40,120
122.5,334.0,5.2,604,136,117,1,136,152,192
122.6,332.7,5.2,41,8,8,1,8,8,8
122.7,333.9,5.2,435,128,84,1,128,144,176
122.8,333.8,5.2,279,88,54,1,88,104,176
122.9,335.8,5.2,196,48,38,1,48,56,128
123.0,334.6,5.2,101,24,19,1,24,24,160
123.1,329.4,5.2,52,16,10,1,16,32,32
123.2,333.9,5.2,126,32,24,1,32,40,144
123.3,333.5,5.2,42,8,8,1,8,8,136
123.4,333.8,5.2,169,40,32,1,40,48,128
123.5,333.3,5.3,157,32,30,1,32,32,104
123.6,333.1,5.3,272,56,52,1,56,64,104
123.7,333.2,5.3,285,80,54,1,80,96,128
123.8,333.5,5.3,268,72,51,1,64,80,144
123.9,332.5,5.3,137,40,26,1,40,48,192
124.0,332.8,5.3,247,56,47,1,56,56,176
124.1,332.2,5.3,447,104,84,1,104,104,112
124.2,332.0,5.3,649,152,122,1,152,168,200
124.3,332.7,5.3,505,112,95,1,112,128,144
124.4,331.4,5.3,43,8,8,1,8,8,8
124.5,332.3,5.3,270,64,50,1,64,112,128
124.6,331.3,5.4,73,24,14,1,16,24,40
124.7,332.0,5.4,84,24,16,1,24,24,80
124.8,329.1,5.4,130,56,24,1,56,72,96
124.9,330.4,5.4,540,152,100,1,152,160,168
125.0,330.8,5.4,897,208,167,1,208,216,280
125.1,328.8,5.4,741,240,137,1,240,336,600
125.2,326.7,5.4,261,96,48,1,80,200,208
125.3,325.8,5.4,64,16,12,1,16,16,24
125.4,327.9,5.4,250,64,46,1,64,64,112
125.5,327.8,5.4,164,40,30,1,40,40,72
125.6,328.1,5.4,175,40,32,1,40,40,96
125.7,326.8,5.4,686,176,126,1,168,184,208
125.8,324.6,5.5,434,144,79,1,144,160,184
125.9,324.2,5.5,396,128,72,1,120,136,136
126.0,323.6,5.5,107,32,20,1,32,32,128
126.1,324.4,5.5,97,24,18,1,24,32,128
126.2,322.5,5.5,333,128,61,1,120,128,128
126.3,323.9,5.5,76,24,14,1,16,24,208
126.4,323.5,5.5,510,128,92,1,128,136,192
126.5,323.3,5.5,292,88,53,1,88,96,152
126.6,323.4,5.5,44,8,8,1,8,8,152
126.7,323.6,5.5,160,40,29,1,40,40,152
126.8,323.1,5.5,154,40,28,1,40,40,144
126.9,323.0,5.6,119,24,21,1,24,24,24
127.0,322.6,5.6,244,48,44,1,48,48,112
127.1,323.3,5.6,64,16,12,1,16,16,128
127.2,322.2,5.6,114,32,20,1,32,40,80
127.3,322.3,5.6,247,48,44,1,48,48,88
127.4,321.7,5.6,285,56,51,1,56,64,184
127.5,319.9,5.6,633,168,113,1,168,176,224
127.6,321.8,5.6,274,56,49,0,56,56,152
127.7,335.0,5.6,378,80,67,0,80,104,144
127.8,334.5,5.6,491,112,87,1,112,128,168
127.9,334.5,5.6,435,112,77,0,104,136,176
128.0,334.0,5.7,493,112,87,0,112,136,168
128.1,333.5,5.7,642,152,113,0,144,168,208
128.2,333.0,5.7,419,104,74,0,104,136,168
128.3,328.2,5.7,45,8,8,0,8,8,160
128.4,332.2,5.7,123,32,22,0,32,40,240
128.5,332.0,5.7,342,88,60,0,88,120,248
128.6,332.3,5.7,240,64,42,0,64,96,312
128.7,330.6,5.7,112,32,20,0,24,64,232
128.8,318.3,5.7,182,40,32,0,40,40,96
128.9,320.4,5.7,108,24,19,0,24,32,160
129.0,327.3,5.7,164,48,29,0,48,64,224
129.1,327.3,5.7,164,48,29,0,40,72,272
129.2,325.6,5.8,229,64,40,0,56,88,264
129.3,317.8,5.8,143,32,25,0,32,56,216
129.4,318.4,5.8,183,48,32,0,48,80,224
129.5,329.5,5.8,287,72,50,0,56,88,168
129.6,329.5,5.8,450,96,78,0,96,112,184
129.7,329.5,5.8,377,88,65,0,80,104,176
129.8,328.6,5.8,123,32,21,0,32,72,320
129.9,328.2,5.8,162,40,28,0,40,48,344
130.0,329.3,5.8,649,176,111,0,152,232,368
130.1,328.3,5.8,858,216,147,0,200,240,288
130.2,326.8,5.8,260,72,45,0,72,200,232
130.3,326.2,5.9,211,64,36,0,56,200,224
130.4,326.4,5.9,262,72,45,0,64,176,216
130.5,324.5,5.9,293,80,50,0,72,104,152
130.6,323.0,5.9,337,80,57,0,72,96,136
130.7,322.5,5.9,299,72,51,0,64,88,104
130.8,321.8,5.9,419,80,71,0,80,96,136
130.9,321.0,5.9,331,80,56,0,72,96,144
131.0,308.0,5.9,67,24,11,0,16,32,48
131.1,320.1,5.9,287,72,48,0,64,96,272
131.2,317.3,5.9,169,56,29,0,48,152,280
131.3,319.1,5.9,319,72,54,0,72,96,360
131.4,319.0,5.9,297,72,50,0,64,96,384
131.5,317.4,6.0,118,24,20,0,24,24,368
131.6,308.2,6.0,114,32,19,0,24,48,360
131.7,306.6,6.0,145,32,24,0,32,40,296
131.8,306.8,6.0,127,32,21,0,32,32,184
131.9,317.5,6.0,113,24,19,0,24,24,280
132.0,317.9,6.0,259,64,43,0,64,88,288
132.1,308.5,6.0,83,16,14,0,16,16,104
132.2,305.7,6.0,184,32,31,0,32,40,128
132.3,319.2,6.0,498,112,83,0,104,144,192
132.4,303.8,6.0,96,16,16,0,16,16,200
132.5,314.0,6.0,698,160,115,0,152,240,288
132.6,303.6,6.1,498,152,82,1,120,368,480
132.7,303.6,6.1,194,48,32,1,48,56,184
132.8,305.3,6.1,77,16,13,1,16,24,200
132.9,305.0,6.1,74,16,12,1,16,32,224
133.0,304.0,6.1,87,16,14,1,16,16,192
133.1,303.8,6.1,107,32,18,1,24,56,288
133.2,302.4,6.1,135,24,22,1,24,24,208
133.3,301.8,6.1,71,16,12,1,16,24,248
133.4,303.0,6.1,62,16,10,1,16,24,208
133.5,312.7,6.1,65,16,11,0,16,24,168
133.6,301.4,6.1,224,48,36,1,48,56,160
133.7,300.4,6.2,191,40,31,1,40,48,168
133.8,314.0,6.2,467,104,76,0,96,120,176
133.9,314.0,6.2,620,136,100,1,128,160,248
134.0,314.0,6.2,570,128,92,0,112,208,264
134.1,308.3,6.2,348,96,56,0,72,128,184
134.2,300.9,6.2,78,16,13,0,16,24,240
134.3,300.8,6.2,92,16,15,1,16,16,120
134.4,299.5,6.2,131,24,21,1,24,32,80
134.5,301.3,6.2,133,32,21,1,24,32,184
134.6,297.7,6.2,190,40,30,1,40,40,88
134.7,300.5,6.2,96,16,15,0,16,16,96
134.8,312.4,6.2,676,128,108,0,120,136,160
134.9,298.0,6.3,168,32,27,0,32,40,168
135.0,296.6,6.3,388,88,62,0,88,96,160
135.1,297.6,6.3,306,64,49,0,56,72,176
135.2,309.0,6.3,112,24,18,0,24,32,248
135.3,299.3,6.3,137,40,22,0,32,48,200
135.4,299.0,6.3,110,32,18,1,24,48,216
135.5,310.5,6.3,741,144,118,1,136,160,224
135.6,298.4,6.3,156,40,25,1,32,56,240
135.7,297.9,6.3,66,16,10,1,16,16,208
135.8,309.2,6.3,843,192,133,0,168,216,296
135.9,295.4,6.3,422,96,66,0,88,112,280
136.0,293.9,6.4,365,96,57,0,88,120,248
136.1,295.4,6.4,179,48,28,1,40,80,272
136.2,295.8,6.4,65,16,10,0,16,16,240
136.3,308.5,6.4,608,128,95,0,112,160,264
136.4,308.5,6.4,793,152,124,0,144,176,280
136.5,308.5,6.4,708,136,111,0,128,160,280
136.6,308.0,6.4,615,128,96,0,112,144,280
136.7,307.5,6.4,385,80,60,0,80,104,264
136.8,307.0,6.4,452,96,70,0,88,120,256
136.9,306.5,6.4,459,88,71,0,80,104,184
137.0,306.0,6.4,537,112,83,0,96,120,160
137.1,305.5,6.4,759,144,118,0,128,160,200
137.2,305.0,6.5,670,120,104,0,112,136,176
137.3,304.5,6.5,699,144,108,0,136,168,216
137.4,304.0,6.5,638,144,99,1,120,160,232
137.5,304.0,6.5,690,168,106,0,136,232,440
137.6,305.2,6.5,743,184,114,0,152,216,312
137.7,304.0,6.5,693,184,107,1,168,208,344
137.8,291.0,6.5,619,128,95,1,128,128,216
137.9,286.6,6.5,95,24,15,1,16,24,24
138.0,291.9,6.5,593,168,91,1,112,200,256
138.1,292.3,6.5,52,8,8,1,8,8,184
138.2,290.9,6.5,159,32,24,1,32,40,216
138.3,289.3,6.6,334,72,51,1,64,80,232
138.4,303.0,6.6,798,160,122,1,144,192,472
138.5,303.0,6.6,763,144,116,1,136,168,368
138.6,303.0,6.6,669,128,102,1,120,152,320
138.7,302.5,6.6,636,120,97,0,112,144,320
138.8,302.5,6.6,648,128,98,0,112,152,368
138.9,303.1,6.6,586,120,89,1,112,160,392
139.0,286.8,6.6,183,40,28,1,40,72,208
139.1,286.6,6.6,113,24,17,1,24,24,320
139.2,287.3,6.6,95,24,14,1,16,24,32
139.3,286.8,6.6,276,64,42,1,56,88,304
139.4,287.2,6.7,206,56,31,0,40,64,152
139.5,287.4,6.7,140,24,21,0,24,24,112
139.6,287.8,6.7,99,24,15,0,16,32,208
139.7,298.0,6.7,574,96,86,0,88,104,360
139.8,299.0,6.7,432,88,65,0,72,104,160
139.9,301.2,6.7,378,88,56,0,72,104,200
140.0,298.6,6.7,147,32,22,0,32,88,480
140.1,287.4,6.7,194,48,29,0,40,72,168
140.2,286.9,6.7,198,32,29,0,32,32,48
140.3,283.0,6.7,54,8,8,0,8,8,8
140.4,285.8,6.7,127,24,19,1,24,24,176
140.5,281.4,6.7,360,80,53,1,72,96,200
140.6,281.8,6.8,472,104,70,1,96,104,136
140.7,282.0,6.8,433,96,64,1,88,104,160
140.8,283.4,6.8,299,72,44,1,64,88,272
140.9,284.2,6.8,179,40,26,0,32,88,208
141.0,282.0,6.8,283,64,42,0,56,80,248
141.1,279.7,6.8,129,24,19,1,24,24,160
141.2,280.7,6.8,142,40,21,0,32,48,192
141.3,281.7,6.8,144,24,21,0,24,24,144
141.4,281.6,6.8,186,40,27,0,40,40,128
141.5,282.9,6.8,137,32,20,0,24,40,160
141.6,282.3,6.8,141,32,21,0,24,40,176
141.7,281.4,6.9,164,32,24,0,32,32,144
141.8,281.5,6.9,232,40,34,0,40,40,136
141.9,281.2,6.9,154,32,22,0,32,40,192
142.0,279.9,6.9,352,72,51,0,72,72,128
142.1,282.5,6.9,155,40,23,0,24,72,248
142.2,293.5,6.9,442,80,64,0,72,96,248
142.3,293.5,6.9,537,104,78,0,88,120,272
142.4,293.5,6.9,504,104,73,0,88,120,288
142.5,293.0,6.9,546,96,79,0,88,112,264
142.6,293.0,6.9,568,104,82,0,88,120,232
142.7,293.0,6.9,599,112,86,0,96,120,184
142.8,292.5,6.9,594,104,86,0,96,120,160
142.9,292.5,7.0,700,120,101,0,112,136,184
143.0,292.5,7.0,747,128,107,0,120,144,176
143.1,292.0,7.0,749,128,107,0,120,136,176
143.2,289.6,7.0,56,8,8,0,8,8,224
143.3,279.1,7.0,116,32,17,0,24,48,248
143.4,277.4,7.0,186,40,27,0,40,48,160
143.5,277.0,7.0,181,48,26,0,32,80,152
143.6,279.9,7.0,209,72,30,0,32,80,208
143.7,291.6,7.0,602,104,86,0,96,120,160
143.8,291.0,7.0,622,112,88,0,96,128,152
143.9,290.5,7.0,566,112,80,0,96,136,168
144.0,290.0,7.1,696,120,99,0,104,136,176
144.1,289.4,7.1,650,136,92,0,120,144,208
144.2,288.5,7.1,735,144,104,0,128,160,240
144.3,288.0,7.1,575,112,81,0,96,128,200
144.4,287.5,7.1,544,88,77,0,88,104,176
144.5,287.0,7.1,580,104,82,0,88,112,168
144.6,286.0,7.1,494,120,70,0,88,136,248
144.7,285.5,7.1,543,104,76,0,88,112,152
144.8,285.0,7.1,534,104,75,0,96,112,160
144.9,284.0,7.1,385,80,54,0,72,96,144
145.0,287.2,7.1,380,80,53,0,64,96,136
145.1,290.9,7.1,365,80,51,0,64,96,160
145.2,291.6,7.2,505,112,70,0,88,136,232
145.3,292.1,7.2,389,88,54,0,72,112,200
145.4,292.9,7.2,400,88,56,0,72,104,168
145.5,290.5,7.2,408,88,57,0,72,104,136
145.6,289.8,7.2,210,56,29,0,40,72,104
145.7,296.9,7.2,344,80,48,0,56,96,128
145.8,295.2,7.2,208,48,29,0,40,64,96
145.9,296.3,7.2,343,72,48,0,64,88,112
146.0,287.4,7.2,246,64,34,0,48,80,112
146.1,283.4,7.2,336,80,46,0,64,96,128
146.2,284.7,7.2,358,72,49,0,56,88,120
146.3,277.2,7.3,279,56,38,0,48,64,96
146.4,288.7,7.3,327,72,45,0,64,80,120
146.5,285.0,7.3,301,64,41,0,48,64,104
146.6,285.8,7.3,258,56,35,0,48,64,104
146.7,280.6,7.3,308,64,42,0,56,72,112
146.8,282.8,7.3,328,72,45,0,56,80,120
146.9,281.4,7.3,332,64,45,0,56,72,104
147.0,277.8,7.3,273,64,37,0,48,72,104
147.1,278.0,7.3,315,64,43,0,48,72,112
147.2,282.0,7.3,324,72,44,0,56,80,112
147.3,287.9,7.3,333,72,45,0,56,88,112
147.4,283.7,7.4,224,56,30,0,40,64,96
147.5,289.1,7.4,260,64,35,0,48,64,96
147.6,280.7,7.4,329,64,45,0,48,72,104
147.7,282.9,7.4,483,96,65,0,80,104,136
147.8,286.0,7.4,387,88,52,0,72,184,216
147.9,272.5,7.4,894,168,121,0,152,176,208
148.0,269.5,7.4,479,112,65,0,80,120,184
148.1,270.4,7.4,493,96,67,0,88,104,144
148.2,271.8,7.4,437,88,59,0,72,96,136
148.3,276.0,7.4,360,64,48,0,56,80,128
148.4,266.5,7.4,60,8,8,0,8,8,88
148.5,284.6,7.4,414,80,56,0,64,96,128
148.6,283.5,7.5,393,80,53,0,64,88,128
148.7,283.3,7.5,354,72,47,0,56,88,152
148.8,281.6,7.5,412,88,55,0,72,104,144
148.9,280.7,7.5,412,88,55,0,72,104,168
149.0,278.2,7.5,427,96,57,0,72,112,160
149.1,272.7,7.5,403,72,54,0,64,88,136
149.2,277.7,7.5,459,96,61,0,72,120,176
149.3,267.7,7.5,402,80,53,0,64,96,136
149.4,278.6,7.5,452,88,60,0,72,104,144
149.5,290.8,7.5,380,72,50,0,56,88,152
149.6,288.4,7.5,405,80,54,0,64,96,136
149.7,290.3,7.6,526,96,70,0,80,112,144
149.8,288.9,7.6,347,64,46,0,56,80,112
149.9,289.1,7.6,406,80,54,0,64,96,128
150.0,285.4,7.6,498,104,66,0,80,112,152
150.1,289.6,7.6,548,96,72,0,80,112,144
150.2,289.1,7.6,564,112,74,0,96,128,168
150.3,279.2,7.6,301,72,40,0,56,80,120
150.4,271.3,7.6,309,64,41,0,48,80,128
150.5,270.1,7.6,482,88,63,0,72,104,160
150.6,268.8,7.6,718,136,94,0,112,152,200
150.7,267.3,7.6,586,120,77,0,96,136,232
150.8,268.7,7.6,462,104,60,0,80,120,216
150.9,272.2,7.7,538,112,70,0,88,120,224
151.0,268.5,7.7,517,96,67,0,80,120,192
151.1,267.0,7.7,417,80,54,0,64,96,144
151.2,270.7,7.7,353,72,46,0,56,80,136
151.3,267.4,7.7,340,64,44,0,48,72,104
151.4,272.4,7.7,339,64,44,0,56,80,120
151.5,275.3,7.7,480,96,62,0,80,104,144
151.6,272.5,7.7,330,64,43,0,48,80,112
151.7,266.0,7.7,337,64,44,0,48,72,104
151.8,263.4,7.7,328,72,42,0,56,72,120
151.9,262.8,7.7,320,64,41,0,48,72,104
152.0,261.9,7.8,321,72,41,0,56,72,104
152.1,261.7,7.8,335,64,43,0,48,72,104
152.2,259.2,7.8,311,64,40,0,48,80,120
152.3,262.7,7.8,432,80,56,0,64,96,144
152.4,261.7,7.8,339,64,43,0,56,80,120
152.5,275.3,7.8,290,56,37,0,48,72,112
152.6,274.4,7.8,394,72,50,0,56,80,120
152.7,273.6,7.8,371,80,47,0,64,80,112
152.8,271.0,7.8,385,64,49,0,56,80,112
152.9,269.4,7.8,433,80,55,0,64,88,128
153.0,267.6,7.8,540,88,69,0,80,104,144
153.1,259.8,7.9,402,88,51,0,64,104,152
153.2,254.9,7.9,396,80,50,0,64,96,136
153.3,255.6,7.9,560,104,71,0,88,120,152
153.4,262.6,7.9,516,96,66,0,80,104,152
153.5,263.3,7.9,416,80,53,0,64,88,128
153.6,262.4,7.9,374,64,47,0,56,72,104
153.7,265.6,7.9,367,72,46,0,56,80,120
153.8,266.9,7.9,811,176,103,0,136,200,280
153.9,261.5,7.9,1031,176,130,0,152,192,264
154.0,263.6,7.9,1032,176,130,0,160,192,248
154.1,259.6,7.9,783,152,99,0,112,160,216
154.2,259.0,7.9,661,128,83,0,104,152,184
154.3,258.5,8.0,811,136,102,0,120,152,192
154.4,258.5,8.0,841,136,106,0,120,152,208
154.5,258.0,8.0,877,136,110,0,120,152,224
154.6,258.0,8.0,962,152,120,0,128,160,216
154.7,257.5,8.0,751,120,94,0,104,128,176
154.8,257.5,8.0,622,120,78,0,88,136,184
154.9,257.0,8.0,616,112,77,0,88,128,168
155.0,257.0,8.0,698,112,87,0,96,120,176
155.1,256.5,8.0,710,112,89,0,104,128,176
155.2,256.0,8.0,677,120,85,0,96,128,200
155.3,255.5,8.0,819,128,102,0,112,136,216
155.4,255.0,8.0,531,88,66,0,80,104,152
155.5,254.7,8.0,902,136,113,0,120,144,176
155.6,254.5,8.0,1060,152,133,0,152,160,192
155.7,254.5,8.0,1073,160,134,0,152,168,200
155.8,254.5,8.0,1197,176,150,0,176,192,216
155.9,254.5,8.0,1086,168,136,0,152,176,224
156.0,254.5,8.0,1150,184,144,0,160,192,344
156.1,254.5,8.0,1300,200,162,0,176,216,336
156.2,254.5,8.1,1604,232,199,0,216,240,360
156.3,254.5,8.1,1383,216,170,0,192,224,320
156.4,254.5,8.2,784,128,96,0,104,136,224
156.5,254.0,8.2,710,112,87,0,96,128,216
156.6,254.0,8.2,824,120,100,0,104,136,224
156.7,254.0,8.3,961,152,116,0,128,160,224
156.8,254.0,8.3,1088,176,131,0,144,192,248
156.9,254.0,8.4,1834,240,220,0,232,240,320
157.0,254.0,8.4,1841,248,219,0,224,256,432
157.1,254.0,8.4,1489,272,177,0,168,328,456
157.2,253.5,8.5,1464,208,173,0,184,224,496
157.3,252.5,8.5,2703,432,318,0,344,456,648
157.4,251.9,8.5,2335,368,273,0,344,376,592
157.5,250.8,8.6,2063,384,240,0,208,392,472
157.6,250.0,8.6,1658,384,192,0,120,384,440
157.7,249.5,8.7,1600,392,185,0,120,400,448
157.8,249.5,8.7,1880,400,216,0,144,408,448
157.9,249.0,8.7,1903,368,218,0,168,376,424
158.0,248.7,8.8,1785,328,203,0,144,336,368
158.1,248.5,8.8,1628,280,185,0,248,288,344
158.2,248.0,8.9,1514,248,171,0,192,256,304
158.3,247.9,8.9,1421,224,160,0,168,224,256
158.4,247.5,8.9,1228,184,137,0,144,192,224
158.5,247.0,9.0,1345,192,150,0,168,200,240
158.6,247.0,9.0,1336,200,148,0,168,200,240
158.7,246.5,9.1,1427,208,158,0,168,208,344
158.8,246.0,9.1,1525,208,168,0,176,224,376
158.9,246.0,9.1,1786,264,196,0,216,272,360
159.0,245.5,9.2,1644,288,179,0,160,288,344
159.1,245.0,9.2,1620,264,176,0,168,264,304
159.2,244.9,9.2,1526,216,165,0,168,224,312
159.3,244.5,9.3,1376,208,148,0,160,216,280
159.4,244.1,9.3,1133,192,122,0,136,192,264
159.5,244.0,9.4,1184,200,126,0,144,200,256
159.6,243.5,9.4,995,128,106,0,112,128,184
159.7,243.5,9.5,1060,152,112,0,120,152,184
159.8,243.0,9.5,1041,144,110,0,112,144,184
159.9,243.1,9.5,765,112,81,0,96,120,168
160.0,243.0,9.4,820,112,87,0,96,120,152
160.1,242.5,9.4,857,120,91,0,96,120,168
160.2,242.5,9.4,899,120,96,0,104,120,176
160.3,242.0,9.4,1050,128,112,0,112,128,216
160.4,242.0,9.7,1022,136,105,0,112,136,192
160.5,242.0,9.7,1080,160,111,0,112,160,216
160.6,241.5,10.5,1432,184,136,0,136,176,256
160.7,241.5,10.0,1343,168,134,0,136,168,232
160.8,241.5,10.0,1360,160,136,0,144,160,216
160.9,241.0,10.0,1154,144,115,0,120,144,176
161.0,241.0,10.0,966,128,97,0,104,128,176
161.1,240.5,10.0,943,120,94,0,104,120,160
161.2,240.5,11.0,978,120,89,0,88,120,176
161.3,240.5,11.0,1089,128,99,0,104,120,168
161.4,240.0,11.0,808,96,73,0,72,96,144
161.5,240.1,10.5,653,104,62,0,56,104,192
161.6,239.9,10.5,778,104,74,0,80,104,224
161.7,239.5,10.5,796,112,76,0,72,104,176
161.8,239.5,10.5,860,104,82,0,88,104,168
161.9,239.0,10.5,899,120,86,0,88,112,168
162.0,239.0,10.5,1047,144,100,0,104,144,208
162.1,239.0,11.5,987,120,86,0,88,104,160
162.2,238.5,11.5,1160,128,101,0,104,120,168
162.3,238.5,11.5,1265,144,110,0,112,128,168
162.4,238.1,11.5,1233,144,107,0,112,136,184
162.5,238.0,11.3,1060,128,94,0,96,120,176
162.6,238.0,11.3,1084,120,96,0,96,120,160
162.7,237.5,12.0,848,104,71,0,64,96,136
162.8,237.5,12.0,890,104,74,0,72,96,128
162.9,237.5,12.0,851,96,71,0,64,80,112
163.0,237.1,12.0,587,72,49,0,48,64,88
163.1,237.0,12.8,525,64,41,0,40,56,80
163.2,236.6,12.0,502,64,42,0,40,56,80
163.3,236.5,11.3,516,56,46,0,40,56,80
163.4,236.7,11.3,311,56,28,0,24,40,72
163.5,236.0,12.6,689,72,55,0,56,64,80
163.6,255.0,12.7,559,72,44,0,40,56,88
163.7,252.1,12.7,654,72,51,0,48,72,96
163.8,251.0,12.8,595,72,46,0,40,64,96
163.9,251.7,12.9,602,72,47,0,40,64,96
164.0,247.0,13.0,796,96,61,0,56,80,128
164.1,236.5,13.0,621,72,48,0,48,64,96
164.2,235.7,13.1,633,72,48,0,48,64,88
164.3,236.9,13.2,762,96,58,0,56,80,128
164.4,252.4,13.3,941,104,71,0,64,88,128
164.5,263.0,13.3,830,96,62,0,56,88,120
164.6,273.6,13.4,917,112,68,0,64,96,128
164.7,242.7,13.5,669,80,50,0,40,64,104
164.8,233.5,13.6,1303,112,96,0,96,104,128
164.9,233.5,13.6,990,96,73,0,72,80,120
165.0,233.4,13.7,773,72,56,0,56,64,88
165.1,233.0,13.6,805,80,59,0,56,64,96
165.2,233.0,13.5,740,72,55,0,56,64,80
165.3,232.5,13.4,770,80,57,0,48,72,96
165.4,232.5,13.4,883,88,66,0,64,80,104
165.5,232.5,13.3,790,80,60,0,48,64,96
165.6,232.0,13.2,771,88,58,0,56,72,104
165.7,232.0,13.1,763,80,58,0,48,72,96
165.8,231.5,13.0,757,80,58,0,56,72,96
165.9,231.6,12.9,810,88,63,0,64,80,104
166.0,231.1,12.9,803,80,62,0,56,80,104
166.1,231.0,12.8,1010,96,79,0,80,96,112
166.2,230.5,12.7,836,96,66,0,64,80,120
166.3,230.0,12.6,757,80,60,0,56,80,104
166.4,229.6,12.6,663,72,53,0,48,72,96
166.5,229.3,12.6,681,72,54,0,48,72,104
166.6,229.0,12.6,637,72,51,0,48,64,96
166.7,228.8,12.6,788,88,63,0,56,80,112
166.8,228.0,12.6,1498,152,119,0,120,144,200
166.9,228.0,12.6,2033,200,161,0,160,192,416
167.0,228.0,12.6,1580,160,125,0,120,144,184
167.1,228.1,12.7,1151,128,91,0,88,112,176
167.2,226.1,12.7,1017,120,80,0,72,104,152
167.3,231.4,12.8,825,112,65,0,56,88,144
167.4,235.3,12.8,1032,120,81,0,72,104,160
167.5,226.0,12.9,1082,120,84,0,88,104,144
167.6,230.6,12.9,998,112,77,0,72,104,136
167.7,235.5,12.9,1034,128,80,0,72,112,152
167.8,232.5,13.0,717,96,55,0,48,80,136
167.9,265.0,13.0,1384,160,106,0,104,136,192
168.0,261.6,13.1,841,112,64,0,56,88,168
168.1,260.8,13.1,790,96,60,0,48,80,152
168.2,265.2,13.2,840,104,64,0,48,88,152
168.3,276.1,13.2,1998,200,151,0,152,184,232
168.4,277.5,13.2,989,112,75,0,64,104,144
168.5,280.9,13.3,851,104,64,0,56,88,128
168.6,280.8,13.3,821,104,62,0,48,88,144
168.7,280.6,13.4,949,120,71,0,64,96,160
168.8,279.1,13.4,903,112,67,0,56,88,160
168.9,278.0,13.5,886,104,66,0,64,88,128
169.0,272.1,13.5,902,104,67,0,56,88,128
169.1,244.8,13.6,802,88,59,0,56,72,112
169.2,223.9,13.6,670,72,49,0,48,64,88
169.3,227.0,13.6,1064,112,78,0,72,96,136
169.4,226.5,13.7,1077,104,79,0,72,96,136
169.5,226.3,13.7,1207,112,88,0,80,104,128
169.6,226.0,13.8,1387,120,101,0,96,112,136
169.7,225.5,13.8,1061,104,77,0,72,88,112
169.8,225.1,13.9,1156,112,83,0,80,96,128
169.9,225.0,13.9,1211,112,87,0,80,96,128
170.0,224.5,13.9,1335,120,96,0,88,104,136
170.1,224.0,14.0,1369,128,98,0,88,112,152
170.2,224.0,14.0,1567,152,112,0,104,136,168
170.3,223.5,14.1,1577,144,112,0,96,128,168
170.4,223.0,14.1,1467,136,104,0,88,120,152
170.5,223.0,14.2,1371,128,97,0,96,112,152
170.6,222.5,14.2,1400,136,99,0,88,112,160
170.7,222.0,14.2,1441,136,101,0,96,120,160
170.8,221.7,14.3,1825,152,128,0,120,144,184
170.9,221.5,14.3,1859,160,130,0,120,144,176
171.0,221.0,14.4,1467,128,102,0,104,112,152
171.1,220.5,14.4,1417,128,98,0,88,112,152
171.2,220.5,14.5,1449,136,100,0,88,112,152
171.3,220.0,14.5,1742,160,120,0,112,144,184
171.4,220.0,14.5,1518,144,104,0,96,120,168
171.5,220.0,14.6,1424,128,98,0,88,112,152
171.6,220.0,14.6,1233,112,84,0,80,96,128
171.7,220.0,14.7,1187,112,81,0,72,96,128
171.8,219.7,14.7,1241,104,84,0,80,96,120
171.9,219.5,14.8,1052,104,71,0,64,88,120
172.0,219.5,14.8,1143,112,77,0,64,96,128
172.1,219.5,14.9,1237,104,83,0,80,96,120
172.2,219.5,14.9,916,96,61,0,48,72,112
172.3,219.5,14.9,1246,112,83,0,72,96,128
172.4,219.5,15.0,1371,120,92,0,80,96,136
172.5,219.5,15.0,1473,136,98,0,88,112,152
172.6,219.5,15.1,1412,120,94,0,80,104,136
172.7,219.5,15.1,1291,136,85,0,72,104,160
172.8,219.0,15.2,1475,136,97,0,88,120,160
172.9,219.0,15.2,1582,144,104,0,88,112,168
173.0,219.0,15.2,1197,120,79,0,64,96,144
173.1,219.0,15.3,1338,104,88,0,80,104,120
173.2,219.0,15.3,1845,128,120,0,112,128,128
173.3,219.0,15.4,1204,96,78,0,72,88,104
173.4,220.0,15.4,982,96,64,0,56,80,112
173.5,217.1,15.5,808,88,52,0,40,72,104
173.6,231.6,15.5,762,80,49,0,48,64,88
173.7,242.1,14.5,929,96,64,0,64,80,120
173.8,233.4,14.5,769,88,53,0,40,72,288
173.9,234.8,14.5,715,80,49,0,48,64,104
174.0,233.3,14.5,785,80,54,0,48,72,112
174.1,227.9,13.5,688,80,51,0,40,72,96
174.2,234.5,13.5,1076,112,80,0,80,96,128
174.3,232.7,13.5,740,80,55,0,48,72,112
174.4,233.6,13.5,691,80,51,0,48,72,96
174.5,228.0,13.5,954,112,71,0,64,96,136
174.6,227.0,13.5,1063,128,79,0,72,104,160
174.7,224.5,13.4,1223,128,91,0,88,120,168
174.8,214.3,13.4,788,96,59,0,48,80,120
174.9,216.0,13.3,916,104,69,0,56,88,144
175.0,216.0,13.2,1217,120,92,0,80,104,136
175.1,215.5,13.1,1195,128,91,0,88,112,152
175.2,215.5,13.1,1133,112,87,0,80,104,136
175.3,215.2,13.0,791,88,61,0,56,80,112
175.4,215.0,12.9,715,80,55,0,48,64,104
175.5,214.6,12.8,1098,120,86,0,88,104,144
175.6,214.5,12.8,1311,128,103,0,96,120,152
175.7,214.4,12.7,1012,104,80,0,72,104,120
175.8,214.0,12.6,1081,112,86,0,80,112,136
175.9,213.6,12.5,1699,168,136,0,136,160,192
176.0,213.5,12.5,1925,184,154,0,144,168,208
176.1,213.4,12.4,1714,160,138,0,136,152,200
176.2,213.0,12.3,1131,136,92,0,88,112,184
176.3,213.0,12.2,1143,120,93,0,88,120,176
176.4,212.5,12.2,1054,120,87,0,88,112,168
176.5,212.5,12.1,1180,128,98,0,96,120,184
176.6,200.4,12.0,162,24,13,0,8,16,128
176.7,199.3,11.9,240,24,20,0,24,24,120
176.8,193.9,11.9,196,24,17,0,16,24,88
176.9,194.9,11.8,194,24,16,0,16,24,88
177.0,212.0,11.7,1351,160,115,0,112,144,224
177.1,212.0,11.6,1719,216,148,0,120,208,240
177.2,212.0,11.6,1104,112,95,0,88,104,136
177.3,212.0,11.5,1244,128,108,0,104,128,152
177.4,212.0,11.4,1192,120,104,0,104,120,152
177.5,212.0,11.3,1234,144,109,0,112,136,168
177.6,211.4,11.3,1107,128,98,0,96,120,144
177.7,210.5,11.2,1092,120,97,0,96,112,144
177.8,209.5,11.2,1062,120,95,0,88,112,144
177.9,209.0,11.2,1075,128,96,0,104,120,152
178.0,208.8,11.2,839,104,75,0,72,104,136
178.1,208.5,11.2,916,104,82,0,80,96,128
178.2,208.5,11.2,1127,120,101,0,104,120,136
178.3,208.0,11.2,1252,136,112,0,112,120,160
178.4,208.0,11.2,894,112,80,0,80,112,152
178.5,207.5,11.2,909,120,81,0,80,112,160
178.6,207.5,11.2,956,128,85,0,88,112,160
178.7,207.0,11.2,816,112,73,0,72,96,160
178.8,207.0,11.4,927,120,81,0,72,104,160
178.9,206.5,11.4,1097,128,96,0,96,120,160
179.0,206.5,11.2,1105,120,99,0,96,120,144
179.1,206.0,11.2,1199,128,107,0,104,120,144
179.2,206.0,11.2,1012,112,90,0,88,112,136
179.3,206.0,11.2,943,104,84,0,88,104,136
179.4,205.5,11.2,1005,112,90,0,88,112,136
179.5,205.5,10.5,876,104,83,0,80,104,136
179.6,205.5,10.5,813,88,77,0,80,88,112
179.7,205.5,10.5,619,88,59,0,56,88,104
179.8,206.0,10.5,572,72,54,0,64,72,96
179.9,205.0,10.5,566,72,54,0,48,72,88
180.0,205.0,10.5,507,64,48,0,48,64,88
180.1,205.0,10.5,536,64,51,0,48,64,96
180.2,205.0,10.5,963,112,92,0,88,112,128
180.3,205.0,10.5,1630,176,155,0,160,176,200
180.4,204.8,10.5,994,104,95,0,96,104,128
180.5,204.5,10.5,780,88,74,0,72,88,104
180.6,204.5,10.5,794,96,76,0,72,96,112
180.7,204.5,10.5,715,80,68,0,64,80,104
180.8,188.2,10.5,388,56,37,0,40,56,64
180.9,186.4,10.5,167,24,16,0,16,24,160
181.0,187.0,10.5,309,40,29,0,32,40,176
181.1,185.7,10.5,751,104,72,0,72,96,120
181.2,187.4,10.5,217,24,21,0,24,24,64
181.3,204.0,10.5,1009,112,96,0,96,112,128
181.4,203.8,10.5,785,88,75,0,72,88,112
181.5,203.5,10.5,746,80,71,0,72,80,96
181.6,203.5,10.5,743,80,71,0,72,80,96
181.7,203.5,10.5,633,80,60,0,64,80,104
181.8,203.5,10.5,742,88,71,0,72,88,120
181.9,203.0,10.5,750,88,71,0,72,88,112
182.0,203.0,10.5,1933,208,184,0,176,208,232
182.1,203.0,10.5,1456,160,139,0,144,160,184
182.2,203.0,10.5,1495,168,142,0,152,168,200
182.3,202.5,10.5,1502,168,143,0,144,168,200
182.4,202.5,10.5,1491,168,142,0,144,168,192
182.5,202.0,10.5,1409,168,134,0,144,168,216
182.6,202.0,10.5,1505,168,143,0,152,168,200
182.7,202.0,10.5,1632,184,155,0,160,176,208
182.8,201.5,10.5,1549,176,148,0,144,160,200
182.9,201.5,10.5,1714,184,163,0,168,184,216
183.0,201.3,10.5,1383,168,132,0,144,160,208
183.1,201.0,10.5,1350,168,129,0,128,160,200
183.2,201.0,10.5,1477,168,141,0,144,160,192
183.3,200.5,10.5,1136,144,108,0,104,144,200
183.4,200.5,10.5,1330,152,127,0,128,152,184
183.5,200.0,10.5,1751,184,167,0,168,184,216
183.6,200.0,10.5,1978,224,188,0,200,224,264
183.7,200.0,10.5,1839,216,175,0,176,216,256
183.8,199.5,10.5,1756,216,167,0,176,208,256
183.9,199.5,10.5,1608,200,153,0,160,200,248
184.0,199.0,10.5,1413,192,135,0,136,184,248
184.1,199.0,10.5,1399,176,133,0,136,168,216
184.2,199.0,10.5,1522,176,145,0,144,168,208
184.3,199.0,10.5,1464,176,139,0,144,176,232
184.4,198.5,10.5,1967,216,187,0,184,208,248
184.5,198.5,10.5,1769,200,168,0,176,200,248
184.6,198.5,10.5,1578,192,150,0,160,192,232
184.7,198.5,10.5,1733,208,165,0,176,208,232
184.8,198.5,10.5,1688,200,161,0,168,200,256
184.9,198.5,10.5,1333,168,127,0,128,168,208
185.0,198.5,10.5,1100,128,105,0,112,128,160
185.1,198.5,10.5,1071,120,102,0,104,120,152
185.2,198.5,10.5,1109,120,106,0,104,120,144
185.3,198.5,10.5,1296,152,123,0,128,144,176
185.4,198.5,10.5,1139,136,108,0,104,128,152
185.5,198.5,10.5,1303,144,124,0,120,144,160
185.6,198.5,10.5,1054,136,100,0,96,136,208
185.7,198.0,10.5,1005,120,96,0,96,120,160
185.8,200.8,10.5,886,128,84,0,88,128,168
185.9,199.3,10.5,747,128,71,0,64,128,184
186.0,205.3,10.5,941,120,90,0,88,120,160
186.1,198.7,10.5,596,88,57,0,56,88,128
186.2,198.5,10.5,760,104,72,0,72,96,136
186.3,199.2,10.5,711,104,68,0,72,104,136
186.4,195.7,10.5,905,128,86,0,96,128,160
186.5,197.4,10.5,855,104,81,0,80,104,136
186.6,197.4,10.5,891,112,85,0,80,112,136
186.7,197.4,10.5,939,120,89,0,88,112,152
186.8,198.2,10.5,834,120,79,0,80,120,168
186.9,199.9,10.5,1085,144,103,0,112,136,176
187.0,198.0,10.5,1003,128,95,0,104,128,176
187.1,197.7,10.5,1230,160,117,0,128,160,200
187.2,198.0,10.5,1729,192,165,0,168,192,264
187.3,198.0,10.5,1921,216,183,0,184,216,272
187.4,198.0,10.5,1792,208,171,0,176,200,272
187.5,198.0,10.5,1754,200,167,0,168,200,248
187.6,198.0,10.5,1870,208,178,0,176,208,264
187.7,197.5,10.5,1902,208,181,0,184,208,248
187.8,197.5,10.5,1971,224,188,0,192,216,272
187.9,197.5,10.5,1944,224,185,0,184,224,272
188.0,197.0,10.5,2051,224,195,0,200,216,264
188.1,197.0,10.5,2021,224,192,0,192,224,272
188.2,196.5,10.5,2238,248,213,0,208,248,304
188.3,196.0,10.5,2200,264,210,0,216,256,352
188.4,195.9,10.5,2289,256,218,0,224,256,328
188.5,195.4,10.5,2240,256,213,0,216,256,304
188.6,195.0,10.5,2113,248,201,0,208,240,288
188.7,194.5,10.5,1912,216,182,0,192,216,248
188.8,194.0,10.5,1676,192,160,0,160,184,216
188.9,194.0,10.5,1474,168,140,0,136,168,208
189.0,194.0,10.5,1306,160,124,0,128,160,200
189.1,194.0,10.5,1345,168,128,0,136,152,192
189.2,194.0,10.5,1483,168,141,0,144,168,216
189.3,193.5,10.5,1518,168,145,0,136,160,200
189.4,193.5,10.5,1536,168,146,0,144,168,200
189.5,193.5,10.5,1612,176,154,0,152,176,208
189.6,193.5,10.5,1556,168,148,0,144,168,208
189.7,193.5,10.5,1529,176,146,0,144,176,216
189.8,193.5,10.5,1713,192,163,0,168,192,232
189.9,193.5,10.5,1711,200,163,0,168,200,248
190.0,193.0,10.5,1752,200,167,0,160,200,248
190.1,193.0,10.5,1730,200,165,0,168,200,272
190.2,193.0,10.5,1702,200,162,0,160,200,296
190.3,193.0,10.5,1601,184,152,0,152,184,312
190.4,193.0,10.5,1579,192,150,0,152,184,320
190.5,192.5,10.5,1802,200,172,0,168,200,272
190.6,192.5,10.5,1991,208,190,0,192,208,248
190.7,192.4,10.5,1940,200,185,0,184,200,240
190.8,192.0,10.5,1908,208,182,0,184,208,256
190.9,192.0,10.5,2035,208,194,0,192,208,240
191.0,191.5,10.5,1890,208,180,0,176,208,248
191.1,191.5,10.5,1822,208,174,0,176,208,248
191.2,191.0,10.5,1817,200,173,0,176,200,256
191.3,191.0,10.5,1905,216,181,0,176,216,288
191.4,190.9,10.5,1964,232,187,0,192,224,312
191.5,190.5,10.5,1619,200,154,0,152,200,360
191.6,190.5,10.5,1454,200,139,0,136,184,320
191.7,190.0,10.5,1744,232,166,0,168,216,448
191.8,190.0,10.5,2133,240,203,0,208,232,640
191.9,190.0,10.5,2024,248,193,0,208,240,696
192.0,190.0,10.5,2082,256,198,0,216,248,712
192.1,190.0,10.5,1894,248,180,0,200,248,712
192.2,189.5,10.5,1971,248,188,0,184,248,712
192.3,189.5,10.5,2043,264,195,0,200,248,752
192.4,189.5,10.5,1890,248,180,0,184,240,1120
192.5,189.5,10.5,2319,320,221,0,224,320,744
192.6,189.5,10.5,2048,264,195,0,208,264,624
192.7,189.5,10.5,1984,248,189,0,200,240,544
192.8,189.5,10.5,2148,248,205,0,200,248,776
192.9,189.5,10.5,2288,264,218,0,216,248,824
193.0,189.4,10.5,2015,232,192,0,192,224,784
193.1,189.0,10.5,1890,224,180,0,184,224,456
193.2,189.0,10.5,2056,232,196,0,200,232,1008
193.3,189.0,10.5,1816,200,173,0,168,200,880
193.4,189.0,10.5,2088,224,199,0,208,216,1024
193.5,189.0,10.5,2232,232,213,0,208,224,1016
193.6,188.5,10.5,2141,224,204,0,200,224,1008
193.7,188.5,10.5,2278,240,217,0,208,240,1000
193.8,188.5,10.5,2510,272,239,0,232,272,984
193.9,188.0,10.5,3038,352,289,0,296,352,1008
194.0,188.0,10.5,3184,360,303,0,312,360,1000
194.1,188.0,10.5,3026,336,288,0,304,336,968
194.2,188.0,10.5,2740,352,261,0,280,344,960
194.3,187.8,10.5,1963,264,187,0,216,256,968
194.4,187.5,10.5,1891,216,180,0,176,200,968
194.5,187.5,10.5,1789,248,170,0,160,248,960
194.6,187.1,10.5,2566,336,244,0,256,328,896
194.7,187.0,10.5,3099,408,295,0,328,408,912
194.8,187.0,10.5,3565,448,340,0,400,448,952
194.9,186.5,10.5,3601,456,343,0,272,448,1000
195.0,186.5,10.5,3637,472,346,0,304,472,1080
195.1,186.5,10.5,3672,464,350,0,320,456,1120
195.2,186.0,10.5,2913,424,277,0,256,416,688
195.3,186.0,10.5,2870,424,273,0,232,416,784
195.4,186.0,10.5,3139,480,299,0,240,472,960
195.5,186.0,10.5,3625,512,345,0,272,512,1128
195.6,185.5,10.5,3640,560,347,0,296,552,1072
195.7,185.5,10.5,3050,488,291,0,240,488,952
195.8,185.5,10.5,2916,448,278,0,248,448,928
195.9,185.5,10.5,2628,456,250,0,248,448,912
196.0,185.5,10.5,2613,456,249,0,240,456,904
196.1,185.0,10.5,2385,424,227,0,208,424,904
196.2,185.0,10.5,2384,384,227,0,176,384,896
196.3,185.0,10.5,2235,376,213,0,144,376,880
196.4,185.0,10.5,2671,408,254,0,184,408,888
196.5,184.7,10.5,2645,416,252,0,184,416,896
196.6,184.5,10.5,2556,416,243,0,184,408,888
196.7,184.5,10.5,2324,376,221,0,168,368,880
196.8,184.5,10.5,2233,344,213,0,160,344,944
196.9,184.5,10.5,2161,312,206,0,160,304,944
197.0,184.2,10.5,2362,312,225,0,208,304,992
197.1,184.0,10.5,2552,296,243,0,240,288,952
197.2,184.0,10.5,3252,448,310,0,280,448,752
197.3,184.0,10.5,3181,360,303,0,296,352,560
197.4,184.0,10.5,2471,264,235,0,240,256,480
197.5,183.5,10.5,1813,216,173,0,184,216,384
197.6,183.5,10.5,1748,208,166,0,168,208,352
197.7,183.5,10.5,1789,208,170,0,176,208,264
197.8,183.5,10.5,1844,216,176,0,184,208,368
197.9,183.5,10.5,1773,208,169,0,168,200,328
198.0,183.0,10.5,1712,200,163,0,160,192,456
198.1,183.0,10.5,1878,208,179,0,176,200,336
198.2,183.0,10.5,1985,224,189,0,192,224,480
198.3,183.0,10.5,2220,248,211,0,216,240,512
198.4,182.5,10.5,2227,280,212,0,216,264,520
198.5,182.5,10.5,2270,248,216,0,216,248,512
198.6,182.5,10.5,1869,208,178,0,184,200,440
198.7,182.5,10.5,1617,176,154,0,160,176,384
198.8,182.5,10.5,1491,168,142,0,144,168,392
198.9,182.0,10.5,1578,184,150,0,152,184,376
199.0,182.0,10.5,1592,200,152,0,168,200,368
199.1,182.0,10.5,1688,216,161,0,168,208,360
199.2,182.0,10.5,1976,248,188,0,192,240,368
199.3,182.0,10.5,1867,232,178,0,184,232,344
