km,stage_fit,fit_p10,fit_p90,n_points
0.9,237.9,128.2,363.6,5
1.0,237.9,128.2,363.6,5
1.1,237.9,128.2,363.6,5
1.2,237.9,128.2,363.6,5
1.3,237.9,128.2,363.6,5
1.4,237.9,128.2,363.6,5
1.5,237.9,128.2,363.6,5
1.6,237.9,128.2,363.6,5
1.7,237.9,128.2,363.6,5
1.8,237.9,128.2,363.6,5
1.9,237.9,128.2,363.6,5
2.0,237.9,128.2,363.6,5
2.1,237.9,128.2,363.6,5
11.3,138.8,88.4,164.9,6
11.4,138.8,100.5,179.4,8
11.5,138.8,79.8,179.4,10
11.6,138.8,66.9,196.5,12
11.7,138.8,65.7,194.4,14
11.8,138.8,66.0,191.5,16
11.9,142.0,66.2,190.0,17
12.0,148.7,66.4,188.6,18
12.1,142.0,66.5,187.1,19
12.2,148.7,66.7,185.7,20
12.3,145.4,68.2,183.6,22
12.4,145.4,71.0,182.3,24
12.5,145.4,73.7,181.1,26
12.6,145.4,76.5,179.9,28
12.7,152.1,79.2,178.6,30
12.8,149.0,80.6,178.0,31
12.9,148.9,80.7,177.9,32
13.0,148.8,80.9,177.8,33
13.1,145.4,80.7,177.9,32
13.2,149.0,82.2,181.4,31
13.3,148.8,80.9,180.7,33
13.4,148.8,80.9,180.7,33
13.5,137.7,80.9,177.8,33
13.6,136.4,85.4,177.2,30
13.7,137.4,91.9,176.1,29
13.8,136.2,91.0,175.9,30
13.9,137.4,90.5,176.1,29
14.0,135.1,90.5,176.1,29
14.1,135.0,89.9,176.2,28
14.2,135.1,90.5,176.1,29
14.3,137.4,91.6,175.8,31
14.4,140.1,93.4,177.1,31
14.5,138.7,97.0,176.1,30
14.6,138.7,95.8,172.6,28
14.7,136.1,95.8,171.7,28
14.8,134.9,96.4,170.7,29
14.9,134.9,96.4,170.7,29
15.0,134.9,96.4,170.7,29
15.1,134.5,90.0,171.7,28
15.2,133.3,90.0,168.4,28
15.3,131.8,91.1,168.3,30
15.4,132.5,96.4,168.4,29
15.5,133.3,101.9,168.4,28
15.6,134.2,103.7,168.6,25
15.7,133.3,103.3,168.6,24
15.8,133.3,103.3,168.6,24
15.9,134.2,108.4,168.7,23
16.0,134.2,108.4,166.1,23
16.1,134.2,105.9,168.3,21
16.2,133.3,107.1,167.2,22
16.3,131.1,105.9,157.3,21
16.4,127.8,104.8,154.5,18
16.5,130.8,105.1,154.5,19
16.6,122.9,103.2,148.4,18
16.7,121.8,103.5,146.7,20
16.8,121.4,103.5,145.6,20
16.9,117.5,103.1,140.6,20
17.0,116.4,102.3,139.7,22
17.1,116.4,97.6,144.4,23
17.2,116.4,102.4,144.4,23
17.3,116.4,102.3,145.0,22
17.4,117.5,102.5,155.6,20
17.5,118.5,103.2,154.9,21
17.6,118.1,102.5,155.6,20
17.7,119.8,103.2,154.9,21
17.8,120.9,103.2,154.1,22
17.9,120.9,103.2,154.1,22
18.0,121.9,103.3,153.2,23
18.1,121.9,103.3,160.4,23
18.2,123.3,103.3,162.0,24
18.3,120.9,103.3,162.0,24
18.4,121.9,103.3,162.1,23
18.5,124.0,103.3,162.0,24
18.6,126.2,103.4,166.2,25
18.7,133.2,103.4,173.0,25
18.8,136.5,103.3,178.0,25
18.9,141.0,106.1,181.0,23
19.0,143.0,107.3,180.7,24
19.1,145.0,117.0,181.0,23
19.2,146.5,119.7,181.6,21
19.3,146.5,119.7,181.6,21
19.4,149.0,120.4,183.5,22
19.5,151.4,121.0,183.3,23
19.6,164.0,121.7,186.1,24
19.7,163.2,120.7,185.8,25
19.8,151.4,111.2,185.1,27
19.9,151.4,101.8,185.1,27
20.0,151.4,101.8,185.1,27
20.1,157.3,101.4,185.5,26
20.2,148.2,100.5,186.1,24
20.3,142.8,95.3,185.5,26
20.4,140.5,94.6,185.8,25
20.5,140.5,94.6,185.8,25
20.6,145.9,93.9,186.1,24
20.7,136.5,91.1,188.6,20
20.8,136.5,91.1,188.6,20
20.9,136.5,88.1,181.5,16
21.0,136.5,88.1,181.5,16
21.1,132.5,87.3,182.6,15
21.2,122.2,85.8,184.9,13
21.3,122.2,85.8,184.9,13
21.4,120.2,84.3,175.8,11
21.5,120.2,84.3,175.8,11
21.6,109.7,83.8,177.0,10
21.7,95.3,81.8,109.7,6
21.8,95.3,81.8,109.7,6
22.1,98.0,81.4,111.6,5
22.2,95.0,76.9,109.4,6
22.3,91.9,77.4,107.3,7
22.6,79.4,71.3,91.7,5
22.7,80.8,71.8,95.8,6
22.8,82.2,72.3,109.7,7
22.9,82.2,72.3,109.7,7
23.0,87.9,72.8,110.9,8
23.1,87.9,72.8,110.9,8
23.2,87.9,72.8,110.9,8
23.3,93.7,73.3,133.7,9
23.4,92.1,73.8,130.5,10
23.5,93.7,74.4,127.2,11
23.6,93.7,74.4,127.2,11
23.7,92.1,69.7,124.9,12
23.8,90.6,66.8,122.6,13
23.9,92.1,66.5,124.9,12
24.0,92.1,66.5,124.9,12
24.1,92.1,66.5,124.9,12
24.2,90.6,58.3,127.2,11
24.3,90.6,58.3,127.2,11
24.4,90.6,58.3,127.2,11
24.5,85.3,59.0,124.9,12
24.6,85.3,59.0,124.9,12
24.7,85.3,57.7,130.5,10
24.8,85.3,57.7,130.5,10
24.9,80.0,57.1,115.1,9
25.0,80.0,57.1,115.1,9
25.1,80.0,57.1,111.4,9
25.2,80.0,57.1,111.4,9
25.3,77.8,57.7,105.4,10
25.4,71.0,57.7,100.1,10
25.5,71.0,58.8,105.6,12
25.6,71.0,58.8,104.8,12
25.7,75.5,58.3,106.3,11
25.8,75.5,58.3,106.3,11
25.9,75.5,58.3,106.3,11
26.0,74.1,58.8,104.8,12
26.1,74.1,58.8,104.8,12
26.2,75.5,63.6,106.3,11
26.3,75.5,63.6,106.3,11
26.4,76.3,62.1,107.0,10
26.5,80.0,63.6,106.3,11
26.6,78.4,63.8,105.9,12
26.7,78.4,63.8,105.9,12
26.8,80.4,64.0,105.7,13
26.9,84.5,64.4,105.0,15
27.0,82.5,64.6,104.7,16
27.1,84.6,65.0,104.1,18
27.2,84.6,65.0,104.1,18
27.3,84.6,65.4,103.5,20
27.4,85.6,69.9,102.9,18
27.5,84.7,63.4,102.8,19
27.6,84.7,68.6,102.1,17
27.7,85.6,67.6,102.2,16
27.8,84.7,66.7,102.1,17
27.9,85.6,71.1,102.2,16
28.0,84.7,68.7,102.1,17
28.1,85.6,68.5,102.2,16
28.2,85.6,68.5,102.2,16
28.3,85.6,68.5,102.2,16
28.4,85.6,68.5,102.2,16
28.5,85.6,68.5,102.2,16
28.6,86.5,68.3,102.3,15
28.7,86.5,67.9,101.0,13
28.8,86.5,67.9,101.0,13
28.9,84.2,67.0,98.6,10
29.0,84.2,67.0,98.6,10
29.1,90.3,66.5,98.9,9
29.2,73.3,65.0,96.0,6
29.3,73.3,65.0,96.0,6
29.9,66.6,61.2,67.4,5
30.0,67.0,61.8,70.0,6
30.1,65.7,58.0,69.9,6
30.2,64.7,58.1,69.4,7
30.3,64.6,58.3,68.9,8
30.4,64.4,58.5,68.4,9
30.5,64.0,56.7,67.8,10
30.6,64.4,57.0,72.5,11
30.7,63.6,53.7,71.5,13
30.8,63.0,54.1,70.4,15
30.9,59.9,54.6,69.4,17
31.0,59.4,53.2,68.9,18
31.1,58.9,53.2,68.4,19
31.2,59.4,53.2,71.8,20
31.3,59.4,53.2,71.8,20
31.4,58.9,53.1,71.7,21
31.5,58.9,48.7,71.3,22
31.6,58.8,48.2,70.8,23
31.7,58.7,48.2,70.4,24
31.8,58.4,48.2,69.5,26
31.9,57.4,48.2,69.9,25
32.0,57.4,48.2,69.0,27
32.1,57.9,48.2,67.3,28
32.2,58.3,48.2,67.8,27
32.3,58.4,48.2,73.0,28
32.4,58.4,48.2,72.1,30
32.5,58.4,48.2,72.1,30
32.6,58.8,48.2,76.1,31
32.7,59.3,48.2,76.6,30
32.8,60.9,48.2,81.5,30
32.9,60.9,48.3,80.7,32
33.0,62.6,48.3,80.7,32
33.1,63.2,48.9,81.2,31
33.2,64.6,48.9,81.0,32
33.3,64.6,48.9,84.3,32
33.4,64.7,49.0,84.0,33
33.5,65.9,49.5,84.3,32
33.6,67.1,51.8,84.3,32
33.7,67.3,56.3,86.8,32
33.8,68.1,55.6,87.1,30
33.9,68.6,56.3,87.0,31
34.0,69.4,57.2,87.1,30
34.1,70.3,58.5,87.1,29
34.2,71.6,58.3,87.2,28
34.3,71.7,58.2,85.6,27
34.4,71.7,58.5,85.8,29
34.5,72.2,59.2,86.1,27
34.6,72.6,60.3,85.9,28
34.7,72.2,60.1,85.0,27
34.8,71.3,59.4,84.0,24
34.9,70.9,59.6,83.5,25
35.0,71.0,61.3,84.0,24
35.1,70.0,62.0,84.0,24
35.2,70.0,59.7,83.1,26
35.3,69.7,58.9,80.6,23
35.4,69.7,58.9,80.6,23
35.5,68.6,58.7,80.3,22
35.6,68.6,58.7,80.3,22
35.7,67.5,58.0,78.5,23
35.8,69.7,58.4,78.5,21
35.9,70.0,58.7,78.2,22
36.0,70.3,58.7,78.2,22
36.1,70.9,60.9,78.5,21
36.2,71.3,64.0,78.5,20
36.3,70.3,62.8,76.8,18
36.4,69.7,63.4,76.5,19
36.5,70.9,63.4,79.1,19
36.6,71.8,64.0,80.5,20
36.7,71.8,63.4,80.5,20
36.8,71.8,62.3,80.7,18
36.9,70.9,58.3,80.6,19
37.0,71.8,58.3,80.7,18
37.1,71.8,58.3,80.7,18
37.2,72.6,58.2,80.7,17
37.3,72.6,60.3,80.9,15
37.4,72.6,60.3,80.9,15
37.5,71.8,58.4,80.8,16
37.6,71.0,58.5,80.7,17
37.7,72.6,58.7,82.6,19
37.8,73.4,55.7,84.0,17
37.9,73.4,56.5,85.8,18
38.0,73.4,55.7,86.1,17
38.1,73.4,55.7,87.1,17
38.2,71.1,57.3,86.9,19
38.3,71.0,56.5,87.0,18
38.4,71.0,57.3,86.9,19
38.5,71.0,57.3,86.9,19
38.6,70.9,56.5,85.4,18
38.7,70.8,55.7,85.6,17
38.8,70.8,54.1,85.9,15
38.9,70.9,59.9,86.1,14
39.0,70.9,59.9,86.1,14
39.1,70.9,59.9,86.1,14
39.2,70.8,59.5,86.3,13
39.3,69.6,59.2,86.4,12
39.4,69.6,59.2,86.4,12
39.5,68.0,59.5,86.3,13
39.6,69.6,62.1,86.4,12
39.7,71.1,62.2,86.6,11
39.8,69.6,65.0,85.4,8
39.9,68.0,64.6,80.7,7
40.0,68.0,64.6,80.7,7
40.1,67.5,61.4,79.7,8
40.2,67.0,61.1,73.4,7
40.3,66.2,60.6,72.9,5
41.1,62.2,28.1,65.6,5
41.2,60.9,22.8,65.4,6
41.3,60.9,22.8,65.4,6
41.4,59.5,11.7,65.1,7
41.5,59.5,11.7,65.1,7
41.6,49.0,11.0,65.4,6
41.7,49.0,11.0,65.4,6
41.8,49.0,11.0,65.4,6
41.9,49.0,11.0,65.4,6
42.0,49.0,11.0,65.4,6
42.1,49.0,11.0,65.4,6
42.2,38.6,10.2,65.6,5
42.3,38.6,10.2,65.6,5
42.4,51.3,11.0,72.0,6
42.5,51.3,11.0,72.0,6
42.6,64.1,11.7,70.9,7
42.7,59.7,12.5,69.9,8
42.8,55.4,11.7,70.9,7
42.9,55.4,11.7,70.9,7
43.0,55.4,11.7,70.9,7
43.1,55.4,11.7,81.1,7
43.2,66.2,29.0,93.2,7
43.3,77.3,39.1,105.1,7
43.4,86.8,61.8,105.1,7
43.5,90.7,62.9,104.6,8
43.6,86.8,64.0,104.0,9
43.7,83.4,55.4,102.9,11
43.8,77.3,52.6,102.0,13
43.9,77.3,52.6,102.0,13
44.0,71.8,53.3,101.1,15
44.1,74.9,54.0,100.2,17
44.2,73.3,54.3,99.7,18
44.3,74.9,54.7,99.3,19
44.4,74.9,54.7,99.3,19
44.5,73.3,53.3,98.8,20
44.6,71.8,53.5,98.4,21
44.7,73.3,53.3,98.8,20
44.8,71.8,52.0,98.4,21
44.9,73.3,52.1,98.0,22
45.0,73.3,50.0,97.2,24
45.1,73.3,50.0,97.2,24
45.2,71.8,49.7,97.6,23
45.3,71.6,49.2,90.3,21
45.4,70.0,48.0,87.5,20
45.5,70.0,39.9,90.0,22
45.6,67.0,41.0,86.5,23
45.7,65.8,42.0,84.9,24
45.8,67.7,40.2,86.4,22
45.9,67.7,42.7,84.9,24
46.0,67.7,45.2,83.3,26
46.1,67.7,43.9,84.1,25
46.2,65.1,42.7,84.9,24
46.3,64.6,41.4,79.3,23
46.4,64.6,41.4,78.3,23
46.5,65.5,43.9,79.2,25
46.6,65.9,41.8,82.3,26
46.7,65.9,41.8,82.5,26
46.8,68.8,48.0,91.2,26
46.9,67.7,48.7,90.8,27
47.0,67.7,50.1,92.4,29
47.1,67.0,49.7,93.0,28
47.2,67.7,50.3,92.4,29
47.3,67.7,51.4,91.3,31
47.4,67.7,46.9,90.3,33
47.5,67.0,47.5,89.9,34
47.6,67.0,51.7,86.5,34
47.7,68.6,51.7,86.5,34
47.8,69.5,45.8,86.6,31
47.9,67.7,45.8,86.6,31
48.0,66.3,46.8,86.5,33
48.1,64.6,46.8,86.5,33
48.2,63.6,46.2,86.5,34
48.3,60.7,45.0,86.5,34
48.4,60.6,41.3,86.4,35
48.5,60.5,39.6,86.4,37
48.6,57.1,39.6,86.5,37
48.7,57.0,39.6,86.3,37
48.8,56.0,39.6,81.0,36
48.9,55.8,39.6,74.7,35
49.0,55.8,39.6,75.9,37
49.1,55.6,39.5,74.2,37
49.2,54.8,38.9,73.9,38
49.3,52.6,34.7,69.9,37
49.4,53.3,34.3,68.8,36
49.5,52.6,31.5,68.5,37
49.6,54.0,31.5,68.5,37
49.7,52.4,31.3,65.7,36
49.8,50.9,30.8,63.8,33
49.9,48.2,27.4,63.8,33
50.0,47.1,26.3,63.3,35
50.1,46.0,25.9,61.6,33
50.2,45.3,25.8,61.8,32
50.3,44.6,25.4,62.9,29
50.4,46.0,25.2,64.0,27
50.5,46.0,25.2,64.0,27
50.6,48.2,25.0,65.0,25
50.7,48.2,24.9,61.6,23
50.8,43.0,24.3,62.9,19
50.9,40.3,24.1,63.5,18
51.0,40.3,24.1,63.5,18
51.1,37.0,23.7,61.2,16
51.2,37.0,24.9,59.5,14
51.3,39.6,23.8,60.7,10
51.4,30.4,22.9,58.0,9
51.5,30.4,22.9,58.0,9
51.6,38.9,22.0,58.5,8
51.7,29.0,21.1,53.9,7
51.8,28.1,20.2,50.3,6
54.6,24.7,18.6,32.7,5
54.7,24.7,18.8,37.7,7
54.8,24.7,18.8,37.7,7
54.9,23.6,13.7,37.7,8
55.0,23.6,11.3,37.6,10
55.1,23.6,11.3,37.6,10
55.2,24.8,11.3,37.6,10
55.3,24.8,11.3,37.6,10
55.4,24.9,11.6,37.9,11
55.5,24.9,11.6,37.9,11
55.6,24.8,11.1,37.9,12
55.7,24.7,11.2,37.8,13
55.8,24.9,11.3,39.8,15
55.9,24.8,11.3,39.5,16
56.0,24.9,11.4,39.2,17
56.1,24.9,11.5,38.6,19
56.2,25.2,11.6,38.2,20
56.3,26.3,12.1,40.8,22
56.4,27.3,12.5,40.5,23
56.5,27.3,13.4,40.9,25
56.6,27.3,12.9,41.0,24
56.7,27.3,12.9,41.0,24
56.8,27.3,11.2,41.0,24
56.9,27.4,13.4,40.9,25
57.0,27.4,13.8,40.9,26
57.1,27.3,16.6,40.9,25
57.2,27.3,16.7,40.9,26
57.3,27.4,16.9,43.6,27
57.4,27.4,16.9,42.0,27
57.5,27.4,16.9,42.0,27
57.6,27.4,16.9,42.0,27
57.7,29.0,18.0,42.0,27
57.8,29.8,18.3,42.3,25
57.9,30.2,18.5,42.6,24
58.0,30.6,18.6,42.3,25
58.1,29.8,18.6,42.3,25
58.2,29.8,20.3,42.3,25
58.3,29.4,20.0,40.5,24
58.4,29.4,20.0,40.5,24
58.5,29.0,20.3,40.4,25
58.6,29.0,22.4,39.5,23
58.7,29.4,22.5,39.8,22
58.8,31.6,23.9,40.4,20
58.9,32.1,23.9,40.4,20
59.0,32.1,24.2,42.5,22
59.1,33.3,26.2,42.5,22
59.2,34.3,26.3,42.7,21
59.3,34.3,26.2,40.3,19
59.4,34.8,26.2,40.5,18
59.5,35.3,26.2,40.3,19
59.6,35.4,26.2,41.7,20
59.7,35.3,26.2,41.6,21
59.8,34.3,22.4,41.6,21
59.9,31.9,21.3,41.3,23
60.0,31.9,21.6,42.3,25
60.1,30.8,21.7,42.2,26
60.2,34.3,21.9,42.0,27
60.3,34.6,20.2,42.4,24
60.4,34.6,20.0,42.6,22
60.5,35.0,20.2,43.1,24
60.6,35.1,20.1,43.1,23
60.7,35.0,20.2,43.1,24
60.8,34.6,20.2,43.1,24
60.9,29.7,20.1,43.1,23
61.0,29.7,20.2,43.0,25
61.1,29.7,20.2,46.2,25
61.2,29.3,20.2,46.2,25
61.3,29.2,20.2,46.2,25
61.4,29.2,20.4,45.2,27
61.5,28.1,20.5,44.2,29
61.6,27.9,19.7,43.7,30
61.7,27.6,17.7,40.9,30
61.8,27.2,12.5,41.1,29
61.9,27.2,12.5,41.1,29
62.0,26.7,12.5,40.9,30
62.1,25.0,12.3,38.3,30
62.2,24.6,12.3,40.9,30
62.3,24.6,12.2,39.7,29
62.4,25.4,12.5,38.9,31
62.5,26.1,12.5,38.8,33
62.6,26.1,12.5,38.3,33
62.7,26.1,11.5,38.0,35
62.8,25.4,11.5,38.0,35
62.9,25.0,11.7,38.7,36
63.0,25.0,12.0,38.9,38
63.1,24.6,11.9,38.9,37
63.2,25.0,11.7,38.7,36
63.3,24.3,11.7,38.7,36
63.4,24.1,11.7,38.7,36
63.5,24.1,11.7,38.7,36
63.6,24.6,11.5,38.8,35
63.7,28.4,11.6,38.8,35
63.8,28.5,15.5,38.8,34
63.9,28.5,15.6,38.8,33
64.0,28.5,15.8,38.8,34
64.1,28.9,17.6,38.9,31
64.2,28.9,17.6,38.9,31
64.3,28.6,17.6,38.6,31
64.4,28.6,16.6,37.7,27
64.5,28.6,16.6,37.7,27
64.6,25.1,16.1,37.2,25
64.7,24.4,16.6,36.5,27
64.8,24.7,17.7,38.7,26
64.9,27.0,18.8,37.6,24
65.0,28.1,19.6,39.5,26
65.1,28.6,19.6,38.5,25
65.2,28.9,20.5,39.4,27
65.3,28.9,21.0,40.7,28
65.4,29.0,23.2,40.7,28
65.5,29.0,23.2,40.7,28
65.6,29.0,22.6,40.6,29
65.7,29.0,22.7,40.5,31
65.8,29.0,22.4,40.5,31
65.9,29.0,22.4,41.2,31
66.0,29.3,22.8,43.5,32
66.1,29.6,22.9,43.6,33
66.2,29.0,22.3,43.4,35
66.3,29.0,22.4,43.2,37
66.4,29.0,21.6,43.2,37
66.5,28.6,20.9,42.9,39
66.6,28.2,17.5,42.9,39
66.7,28.2,17.5,42.9,39
66.8,28.6,18.8,43.2,37
66.9,28.4,16.7,43.0,38
67.0,29.0,16.7,43.2,37
67.1,27.9,16.6,42.3,34
67.2,28.2,16.6,42.1,35
67.3,28.2,16.6,41.3,35
67.4,27.6,16.6,38.4,35
67.5,27.2,16.6,38.4,35
67.6,27.2,16.1,38.8,33
67.7,27.1,16.2,38.4,35
67.8,27.1,16.2,35.1,35
67.9,24.5,16.6,35.1,35
68.0,25.9,16.6,32.6,35
68.1,24.5,16.6,30.0,33
68.2,25.9,16.6,30.0,35
68.3,25.9,16.2,30.0,35
68.4,24.5,16.2,30.0,35
68.5,25.4,16.1,30.0,34
68.6,26.0,16.4,30.0,32
68.7,26.0,17.3,30.5,34
68.8,26.4,18.1,30.9,36
68.9,26.4,18.9,30.8,38
69.0,26.6,20.5,31.1,38
69.1,26.6,20.0,31.1,38
69.2,26.4,20.1,31.1,40
69.3,26.0,19.6,30.7,40
69.4,25.7,19.5,30.7,39
69.5,25.4,19.4,30.8,38
69.6,24.9,19.9,30.9,36
69.7,24.9,19.4,30.8,38
69.8,25.4,19.3,30.9,36
69.9,25.4,19.1,30.9,34
70.0,25.7,19.1,31.0,33
70.1,25.0,18.9,30.7,31
70.2,25.0,19.1,30.6,33
70.3,25.0,19.1,30.3,33
70.4,24.8,19.1,30.3,33
70.5,25.0,19.1,30.9,33
70.6,25.6,19.7,31.0,32
70.7,25.6,20.0,31.2,34
70.8,25.5,19.9,31.2,33
70.9,25.5,19.9,30.9,33
71.0,25.7,19.9,31.2,33
71.1,25.7,20.8,34.4,31
71.2,25.7,19.3,33.7,33
71.3,25.5,18.9,33.7,33
71.4,25.8,19.1,33.3,34
71.5,25.5,16.2,33.0,35
71.6,25.4,13.7,33.3,34
71.7,25.4,14.1,32.7,36
71.8,25.2,13.9,33.0,35
71.9,25.1,14.3,32.3,37
72.0,24.8,14.5,32.0,38
72.1,24.4,14.3,32.3,37
72.2,24.4,14.7,32.7,39
72.3,24.4,14.7,32.7,39
72.4,24.4,14.7,33.7,39
72.5,24.4,15.1,33.8,38
72.6,23.9,15.1,33.2,34
72.7,23.9,15.1,33.2,34
72.8,22.9,15.1,32.2,32
72.9,22.4,15.1,32.3,31
73.0,21.5,14.9,32.4,30
73.1,20.9,14.1,30.2,26
73.2,20.9,14.1,30.2,26
73.3,20.9,13.7,30.4,24
73.4,21.4,15.1,31.5,24
73.5,22.1,15.1,31.5,24
73.6,24.8,18.1,31.7,22
73.7,26.0,18.2,32.2,24
73.8,27.3,18.2,32.2,23
73.9,28.0,18.2,32.2,24
74.0,28.4,18.2,32.2,24
74.1,28.6,20.4,32.3,22
74.2,28.6,20.6,32.6,24
74.3,28.5,21.3,32.5,23
74.4,28.5,20.4,32.6,22
74.5,28.5,20.7,31.9,20
74.6,28.5,21.3,31.9,20
74.7,28.5,22.0,31.8,22
74.8,28.5,19.5,32.4,24
74.9,28.5,17.3,32.4,25
75.0,28.5,17.7,33.2,27
75.1,28.4,17.9,33.1,28
75.2,28.0,16.4,32.8,30
75.3,27.5,15.4,32.6,32
75.4,27.5,15.7,33.5,34
75.5,27.4,15.7,33.5,34
75.6,25.9,15.4,33.8,32
75.7,25.5,15.7,33.5,34
75.8,23.9,15.7,33.1,34
75.9,23.9,14.3,32.8,35
76.0,23.5,13.9,33.3,33
76.1,23.5,13.8,33.6,32
76.2,23.5,14.1,33.1,34
76.3,23.0,14.1,31.0,34
76.4,22.8,13.9,31.0,33
76.5,23.4,13.8,31.1,32
76.6,22.8,13.6,31.1,31
76.7,22.8,13.8,31.1,32
76.8,22.8,13.4,28.4,29
76.9,22.8,13.5,29.3,30
77.0,22.8,13.6,29.2,31
77.1,22.8,15.9,28.1,29
77.2,22.8,16.4,27.9,31
77.3,22.8,17.4,28.1,29
77.4,22.8,17.0,27.9,31
77.5,22.8,17.0,27.9,31
77.6,22.8,16.9,28.3,29
77.7,22.7,16.9,28.2,30
77.8,22.7,16.7,28.6,26
77.9,22.7,16.7,28.6,26
78.0,22.8,17.6,29.1,25
78.1,22.7,17.4,29.1,24
78.2,22.7,16.7,29.1,26
78.3,22.0,11.4,29.1,24
78.4,20.6,11.5,29.1,26
78.5,20.4,10.2,29.1,28
78.6,20.2,9.2,29.0,30
78.7,20.2,9.4,29.2,32
78.8,20.2,9.4,29.2,32
78.9,20.2,9.6,29.1,34
79.0,20.2,9.5,28.8,33
79.1,20.0,9.1,29.1,29
79.2,20.2,9.2,29.2,31
79.3,20.0,9.1,29.7,29
79.4,20.1,9.2,29.5,30
79.5,20.2,10.0,29.8,28
79.6,20.1,9.6,30.0,26
79.7,20.3,10.0,29.8,28
79.8,20.4,10.2,29.7,29
79.9,20.4,10.6,29.4,31
80.0,20.7,10.7,29.4,32
80.1,20.3,10.7,29.2,32
80.2,20.3,10.8,29.2,34
80.3,20.3,13.6,29.2,32
80.4,20.3,13.6,29.2,34
80.5,20.3,14.1,29.2,34
80.6,20.7,17.1,29.2,32
80.7,20.4,17.2,29.2,34
80.8,20.6,17.3,28.7,32
80.9,20.9,17.3,28.0,34
81.0,20.9,17.3,28.0,34
81.1,20.9,17.2,27.3,36
81.2,20.9,17.2,26.5,38
81.3,20.5,17.1,24.1,36
81.4,20.4,17.0,24.0,38
81.5,20.3,17.0,23.5,38
81.6,20.3,17.0,24.0,38
81.7,20.3,16.8,23.9,40
81.8,19.8,15.6,24.0,38
81.9,19.7,14.5,23.9,40
82.0,19.6,14.5,23.9,40
82.1,19.6,14.4,23.2,39
82.2,19.5,14.5,23.1,40
82.3,19.3,14.2,21.3,38
82.4,18.8,13.4,21.3,40
82.5,18.4,13.1,21.2,40
82.6,18.3,12.1,21.2,37
82.7,18.2,12.1,21.2,39
82.8,16.8,11.7,21.2,37
82.9,16.8,10.9,21.2,38
83.0,16.4,10.9,20.8,38
83.1,16.2,9.8,20.3,36
83.2,16.2,10.0,20.3,38
83.3,15.6,9.8,19.9,36
83.4,15.9,10.0,20.3,38
83.5,16.1,9.9,20.3,37
83.6,15.6,9.8,19.5,36
83.7,15.6,9.5,19.4,38
83.8,15.6,9.4,19.5,36
83.9,15.6,9.5,19.4,38
84.0,15.6,10.6,19.3,37
84.1,15.3,10.1,18.5,34
84.2,15.3,10.4,18.8,36
84.3,15.5,10.3,18.9,35
84.4,15.5,10.6,18.8,37
84.5,16.0,10.4,20.0,36
84.6,16.4,10.4,20.4,34
84.7,16.4,10.4,20.4,34
84.8,16.6,11.8,21.1,30
84.9,16.6,12.1,22.3,32
85.0,16.7,12.5,22.6,33
85.1,16.9,13.1,22.7,30
85.2,16.8,13.1,22.6,31
85.3,17.3,13.2,22.8,28
85.4,16.9,12.8,22.7,30
85.5,16.7,12.4,22.5,30
85.6,16.7,12.3,22.7,28
85.7,16.7,12.3,22.7,28
85.8,16.7,12.6,23.1,24
85.9,16.7,12.6,23.1,24
86.0,16.7,12.5,23.2,22
86.1,17.3,12.5,23.2,22
86.2,17.8,12.7,23.1,24
86.3,17.9,12.5,22.4,22
86.4,17.9,12.5,22.4,22
86.5,18.1,13.3,22.5,20
86.6,17.9,12.3,22.3,19
86.7,17.2,12.4,22.2,20
86.8,16.9,12.4,22.0,22
86.9,16.4,12.4,21.9,24
87.0,16.2,12.4,21.9,24
87.1,16.6,12.4,21.3,23
87.2,16.9,12.4,21.2,24
87.3,16.6,11.9,21.3,23
87.4,15.8,11.8,21.1,25
87.5,15.8,11.8,21.8,25
87.6,16.5,11.7,21.9,24
87.7,16.5,11.7,21.8,26
87.8,15.6,11.7,21.7,28
87.9,15.6,11.6,21.6,30
88.0,15.6,10.2,22.0,32
88.1,15.3,10.2,21.8,32
88.2,15.1,10.0,21.5,34
88.3,14.3,9.8,20.0,32
88.4,14.2,9.8,19.9,33
88.5,14.2,9.8,19.9,33
88.6,14.3,9.8,20.0,32
88.7,14.2,9.8,19.9,33
88.8,14.2,9.7,20.2,31
88.9,14.0,9.7,19.9,33
89.0,13.3,9.7,20.0,32
89.1,12.3,8.0,18.8,30
89.2,12.1,7.7,18.6,32
89.3,11.9,6.9,18.5,32
89.4,11.8,6.6,18.4,33
89.5,11.8,6.5,18.6,31
89.6,11.8,5.7,16.5,28
89.7,11.8,5.7,16.5,28
89.8,11.7,4.9,15.2,25
89.9,11.7,4.9,15.2,25
90.0,11.7,4.4,14.1,23
90.1,11.6,3.6,13.2,19
90.2,11.5,3.7,13.1,20
90.3,11.4,3.4,12.7,17
90.4,10.1,3.6,12.6,19
90.5,10.1,3.7,12.4,20
90.6,10.1,3.8,12.4,21
90.7,9.9,3.9,12.3,22
90.8,9.4,3.9,12.3,22
90.9,9.0,3.9,12.2,23
91.0,8.7,3.9,12.4,23
91.1,7.5,3.8,12.4,21
91.2,7.5,3.9,12.9,23
91.3,7.0,3.9,13.1,20
91.4,6.5,3.5,13.0,22
91.5,6.5,3.3,12.9,23
91.6,6.1,3.2,13.2,24
91.7,6.1,3.2,13.2,26
91.8,5.8,3.2,12.7,27
91.9,6.5,3.2,12.5,29
92.0,7.5,3.3,13.8,31
92.1,7.8,3.3,15.1,32
92.2,8.2,3.3,16.3,34
92.3,8.5,3.3,16.8,34
92.4,8.7,3.3,16.8,35
92.5,10.1,3.3,17.0,35
92.6,10.6,3.3,18.9,33
92.7,10.6,3.3,18.5,35
92.8,10.9,3.3,18.7,34
92.9,11.2,3.3,18.5,35
93.0,11.2,3.3,18.5,35
93.1,11.2,3.6,18.9,33
93.2,10.9,3.7,18.7,34
93.3,10.9,5.1,19.2,32
93.4,10.9,5.1,19.2,32
93.5,11.4,5.7,19.5,30
93.6,12.3,6.5,18.0,27
93.7,12.3,6.6,17.5,29
93.8,12.9,7.6,18.2,26
93.9,12.4,7.7,18.0,27
94.0,12.9,6.9,18.2,26
94.1,11.7,6.8,18.6,24
94.2,12.8,6.9,18.1,26
94.3,10.9,6.8,16.5,23
94.4,10.9,6.8,16.4,24
94.5,10.9,6.8,16.4,24
94.6,10.7,6.7,14.7,22
94.7,10.7,6.7,14.5,24
94.8,10.8,6.7,14.8,21
94.9,10.8,6.7,14.6,23
95.0,10.6,6.7,14.6,23
95.1,10.8,6.7,14.8,21
95.2,10.8,6.7,14.6,23
95.3,10.9,6.7,14.8,21
95.4,10.9,6.7,14.8,21
95.5,10.9,5.4,14.7,22
95.6,10.8,5.3,14.8,21
95.7,10.6,5.4,14.7,22
95.8,9.5,5.2,14.8,20
95.9,8.5,5.2,14.8,21
96.0,8.5,5.2,14.8,21
96.1,8.2,5.1,14.1,20
96.2,8.2,5.1,14.1,20
96.3,7.8,5.1,14.0,18
96.4,7.9,5.1,14.0,19
96.5,7.9,5.1,14.0,19
96.6,8.0,5.1,14.0,18
96.7,8.0,5.1,14.0,18
96.8,7.9,5.0,13.7,17
96.9,7.9,4.7,13.6,19
97.0,7.9,4.7,14.1,19
97.1,8.1,4.7,14.5,19
97.2,8.1,4.7,14.5,19
97.3,8.0,4.7,14.5,18
97.4,7.9,4.7,14.5,19
97.5,8.0,4.8,14.4,20
97.6,8.5,5.1,15.0,20
97.7,9.1,5.2,14.9,22
97.8,9.7,4.5,14.9,22
97.9,9.7,4.7,14.7,24
98.0,9.7,4.4,14.7,24
98.1,10.4,4.4,14.9,22
98.2,10.4,4.4,14.9,22
98.3,10.7,4.4,16.0,23
98.4,10.8,4.4,18.5,25
98.5,11.0,4.4,18.5,24
98.6,12.1,4.4,20.1,24
98.7,13.4,4.4,21.9,25
98.8,12.1,4.4,22.1,24
98.9,10.8,4.4,21.9,25
99.0,10.8,4.4,22.3,23
99.1,10.1,4.3,22.7,21
99.2,10.1,4.3,22.7,21
99.3,10.8,4.3,23.4,21
99.4,10.8,4.3,23.4,21
99.5,12.1,4.3,23.7,20
99.6,12.1,4.3,24.4,18
99.7,12.1,4.3,24.4,18
99.8,14.5,4.3,25.7,14
99.9,14.5,4.3,25.7,14
100.0,18.2,4.3,26.0,13
100.1,18.4,4.7,26.3,12
100.2,18.4,4.7,26.3,12
100.3,18.5,4.0,27.2,10
100.4,18.5,4.0,27.2,10
100.5,13.7,3.5,28.4,8
100.6,8.5,3.0,25.0,6
100.7,8.5,3.0,25.0,6
101.8,5.3,4.4,8.2,5
101.9,5.3,4.4,8.2,5
102.0,5.3,4.4,8.2,5
102.1,5.0,4.4,10.6,6
102.2,5.0,4.4,10.6,6
102.3,5.0,4.4,10.6,6
102.4,5.0,4.4,10.6,6
102.5,5.0,3.4,14.6,8
102.6,5.0,3.4,14.6,8
102.7,6.8,4.0,13.4,10
102.8,6.8,4.0,13.4,10
102.9,8.3,4.3,12.8,11
103.0,9.2,4.3,12.8,12
103.1,10.1,4.3,12.8,11
103.2,11.1,4.3,13.1,13
103.3,11.3,4.4,13.1,15
103.4,11.2,4.4,13.0,16
103.5,11.1,4.4,13.0,17
103.6,11.1,4.4,13.0,17
103.7,11.1,4.4,13.0,17
103.8,11.3,5.7,13.1,15
103.9,11.3,5.7,13.1,15
104.0,11.1,4.8,13.0,17
104.1,10.6,4.0,13.0,16
104.2,10.6,4.0,13.0,16
104.3,10.1,3.7,12.9,17
104.4,10.1,3.7,12.9,17
104.5,10.1,3.7,12.9,17
104.6,10.6,4.5,12.7,16
104.7,10.6,4.5,12.7,16
104.8,10.6,4.4,12.7,14
104.9,9.7,4.0,12.7,16
105.0,9.6,4.0,12.7,15
105.1,9.6,4.0,12.7,15
105.2,9.9,4.0,12.9,17
105.3,7.3,3.9,12.3,13
105.4,6.8,3.9,12.2,14
105.5,5.9,3.5,12.2,14
105.6,5.6,3.4,12.3,13
105.7,5.6,3.4,12.3,13
105.8,5.2,3.4,12.5,12
105.9,5.6,3.4,12.3,13
106.0,5.6,3.4,12.3,13
106.1,6.2,3.8,12.7,10
106.2,6.2,3.8,12.7,10
106.3,6.2,3.8,12.7,10
106.4,6.2,3.8,12.7,10
106.5,6.2,3.8,12.7,10
106.6,6.2,3.8,11.3,10
106.7,6.2,3.9,11.1,11
106.8,6.2,3.9,11.1,11
106.9,8.7,3.9,11.1,13
107.0,9.2,3.4,11.1,13
107.1,8.5,3.5,10.8,14
107.2,8.2,3.6,10.7,15
107.3,6.4,3.5,9.5,14
107.4,6.4,3.5,9.5,14
107.5,6.6,3.8,9.9,15
107.6,7.4,4.7,9.9,14
107.7,7.4,4.7,9.9,14
107.8,8.2,4.7,9.9,15
107.9,7.4,3.8,9.8,16
108.0,7.4,2.9,9.8,16
108.1,7.4,2.9,9.8,16
108.2,7.4,2.9,9.8,16
108.3,8.2,2.9,9.9,15
108.4,8.2,2.9,9.8,17
108.5,7.4,2.9,9.7,18
108.6,5.9,2.7,9.7,18
108.7,5.2,2.7,9.6,20
108.8,5.3,2.8,10.0,21
108.9,5.3,2.8,10.0,21
109.0,5.1,2.7,10.0,20
109.1,4.7,2.6,9.9,16
109.2,4.6,2.6,9.8,17
109.3,4.4,2.6,10.0,15
109.4,4.7,2.6,9.9,16
109.5,4.7,2.6,9.9,16
109.6,4.4,2.6,9.2,14
109.7,4.4,2.6,9.2,14
109.8,4.4,2.5,8.3,13
109.9,4.4,2.6,11.3,14
110.0,5.2,3.1,13.4,15
110.1,6.4,3.8,13.4,15
110.2,6.9,3.9,13.3,16
110.3,6.9,3.9,13.3,16
110.4,6.9,3.9,13.3,16
110.5,7.1,4.1,13.3,16
110.6,7.5,4.3,13.6,14
110.7,7.5,4.3,13.6,14
110.8,7.8,4.4,14.0,10
110.9,7.8,4.4,14.0,10
111.0,7.8,4.4,14.0,10
111.1,8.2,6.0,14.1,9
111.2,8.2,6.0,14.1,9
111.3,9.9,6.7,14.1,8
111.4,11.1,6.8,14.1,9
111.5,11.3,7.2,14.1,8
111.6,11.3,7.2,14.1,8
111.7,11.3,6.6,14.4,10
111.8,11.6,6.9,15.2,11
111.9,11.6,6.9,15.2,11
112.0,11.6,6.9,15.2,11
112.1,11.6,6.4,15.5,9
112.2,12.1,6.6,15.3,10
112.3,11.9,6.6,15.3,10
112.4,11.9,6.6,15.3,10
112.5,11.9,6.6,15.3,10
112.6,12.8,9.1,15.6,8
112.7,12.6,5.1,15.5,9
112.8,11.9,5.2,15.3,10
112.9,11.9,5.2,15.3,10
113.0,11.9,5.2,15.3,10
113.1,11.9,5.2,15.3,10
113.2,11.9,5.2,15.3,10
113.3,11.9,5.2,15.3,10
113.4,11.9,5.2,15.3,10
113.5,11.9,5.2,15.3,10
113.6,11.3,4.3,15.2,11
113.7,11.3,4.3,15.2,11
113.8,10.5,4.4,13.3,8
113.9,10.5,4.4,13.3,8
114.0,10.5,4.4,13.3,8
114.1,6.9,3.3,11.7,8
114.2,7.2,3.4,11.5,9
114.3,5.3,3.2,9.0,7
114.4,5.3,3.2,9.0,7
114.5,5.3,3.2,9.0,7
114.6,5.4,3.3,8.8,8
114.7,5.3,2.2,8.6,10
114.8,4.5,2.0,7.6,8
114.9,4.5,2.0,7.6,8
115.0,4.5,2.0,7.6,8
115.1,4.5,2.0,7.6,8
115.2,4.5,2.0,7.6,8
115.3,4.5,2.0,7.6,8
115.4,4.5,2.0,7.6,8
115.5,4.5,2.0,7.6,8
115.6,4.6,2.2,7.8,6
115.7,4.6,2.2,7.8,6
115.8,4.6,2.2,7.8,6
115.9,4.6,2.2,7.8,6
116.0,4.6,2.2,7.8,6
154.8,8.0,7.2,9.4,5
154.9,8.0,7.2,9.4,5
155.0,8.0,6.5,9.1,6
155.1,8.0,6.5,9.1,6
155.2,8.0,6.5,9.1,6
155.3,8.0,6.5,9.1,6
155.4,8.0,6.5,9.1,6
155.5,8.0,6.5,9.1,6
155.6,8.0,6.5,9.1,6
155.7,8.0,6.5,9.1,6
155.8,8.0,6.5,9.1,6
155.9,8.0,6.5,9.1,6
156.0,8.0,6.5,8.0,5
159.6,9.4,8.7,10.8,5
159.7,9.5,8.7,11.5,6
159.8,9.5,8.7,11.5,6
159.9,9.5,8.7,11.5,6
160.0,9.4,8.8,11.5,7
160.1,9.4,8.9,11.5,9
160.2,9.4,8.9,11.5,9
160.3,9.4,8.9,11.5,9
160.4,9.7,9.1,11.7,9
160.5,9.7,8.9,11.7,9
160.6,10.5,8.9,11.9,9
160.7,10.0,9.0,11.8,10
160.8,10.0,9.0,11.8,10
160.9,10.0,9.0,11.8,10
161.0,10.0,8.8,12.3,12
161.1,10.0,8.8,12.3,12
161.2,11.0,8.9,12.6,12
161.3,11.0,8.9,12.6,12
161.4,11.0,8.9,12.6,12
161.5,10.5,8.7,12.6,13
161.6,10.5,8.7,12.8,13
161.7,10.5,8.7,12.8,13
161.8,10.5,8.7,12.8,13
161.9,10.5,8.7,12.8,13
162.0,10.5,8.7,12.8,13
162.1,11.5,8.5,12.9,10
162.2,11.5,8.5,12.9,10
162.3,11.5,8.5,12.9,10
162.4,11.5,8.5,12.9,10
162.5,11.3,8.4,13.0,9
162.6,11.3,8.4,13.2,7
162.7,12.0,8.2,13.4,6
162.8,12.0,8.2,13.4,6
162.9,12.0,8.2,13.4,6
163.0,12.0,8.2,13.4,6
163.1,12.8,9.1,14.3,5
163.3,11.3,7.7,14.3,5
163.4,11.3,7.7,14.3,5
163.5,12.6,7.7,30.6,6
165.0,13.7,9.1,33.8,5
166.3,12.6,11.3,16.5,5
166.4,12.6,11.3,16.5,5
166.5,12.6,11.3,16.5,5
166.6,12.6,11.3,16.5,5
166.7,12.6,11.3,16.5,5
166.8,12.6,11.3,16.5,5
166.9,12.6,11.3,16.5,5
173.6,15.5,12.3,25.1,5
173.7,14.5,10.6,24.5,6
173.8,14.5,10.6,24.5,6
173.9,14.5,10.6,24.5,6
174.0,14.5,10.6,24.5,6
174.1,13.5,10.4,25.1,5
174.2,13.5,10.4,25.1,5
174.3,13.5,10.4,25.1,5
174.4,13.5,10.4,25.1,5
174.5,13.5,10.4,25.1,5
174.6,13.5,10.4,25.1,5
177.7,11.2,9.4,11.7,5
177.8,11.2,9.4,11.7,5
177.9,11.2,9.4,11.7,5
178.0,11.2,9.4,11.7,5
178.1,11.2,9.4,11.7,5
178.2,11.2,9.4,11.7,5
178.3,11.2,9.4,11.7,5
178.4,11.2,9.4,11.7,5
178.5,11.2,9.4,11.7,5
178.6,11.2,9.4,11.7,5
178.7,11.2,9.4,11.7,5
178.8,11.4,9.6,12.4,6
178.9,11.4,9.6,12.4,6
179.0,11.2,9.4,12.4,5
179.1,11.2,9.4,12.4,5
179.2,11.2,9.4,12.4,5
179.3,11.2,9.4,12.4,5
179.4,11.2,9.4,12.4,5
179.5,10.5,8.0,12.4,5
