arm,km,layer,x,y,bed_raw,bed,bed_env,status_L,d_L,lon_L,lat_L,z_L,slope_L,sig_L,stage_L,flags_L,status_R,d_R,lon_R,lat_R,z_R,slope_R,sig_R,stage_R,flags_R,stage,stage_n,width,Rc,turn_deg,outer,dh,dh_sig,v_super,v_lo,v_hi,v_quality,A,Q,Fr,valid_frac,changed_L,changed_R,d_pre_L,d_pre_R,d_start_L,d_start_R,d_last_L,d_last_R,prebare_L,prebare_R,outlier_L,outlier_R,dem_src_L,dem_src_R,bridged
main,19.00,s2,342847.7,3131181.6,1966.6819,1966.6819,1966.6819,ok,85.0,85.398153,28.297153,2092.9,0.42,9.00,126.17944,,ok,245.0,85.394986,28.297847,2160.8,1.31,20.00,194.13062,side-valley,126.2,1,330.0,409.4,40.69,R,68.0,21.94,28.76,17.37,45.07,weak,,,0.73,1.00,1,1,,45.00,0.00,0.00,,,0,0,,,0,1,0
main,19.00,s2chg,342847.7,3131181.6,1966.6819,1966.6819,1966.6819,ok,85.0,85.398153,28.297153,2092.9,0.42,9.00,126.17944,,ok,155.0,85.395876,28.297652,2189.6,0.92,16.73,222.95557,side-valley,126.2,1,240.0,409.4,40.69,R,96.8,19.00,40.24,26.47,60.0,weak,,,0.97,1.00,1,1,,45.00,0.00,0.00,,,0,0,,,0,0,0
main,19.10,s2,342849.3,3131082.1,1958.84,1958.84,1958.84,ok,115.0,85.398511,28.296396,2123.6,0.66,12.72,164.74207,,ok,225.0,85.395148,28.296497,2155.4,0.73,11.34,196.59021,side-valley,164.7,1,340.0,3155.7,5.10,,,,,,,,,,,1.00,1,1,5.00,55.0,0.00,0.00,,,0,0,,,0,1,0
main,19.10,s2chg,342849.3,3131082.1,1958.84,1958.84,1958.84,ok,115.0,85.398511,28.296396,2123.6,0.66,12.72,164.74207,,ok,225.0,85.395148,28.296497,2155.4,0.73,11.34,196.59021,side-valley,164.7,1,340.0,3155.7,5.10,,,,,,,,,,,1.00,1,1,5.00,55.0,0.00,0.00,,,0,0,,,0,1,0
main,19.20,s2,342847.6,3130984.2,1995.2324,1958.84,1958.84,ok,115.0,85.398487,28.295358,2135.8,0.96,17.41,176.92639,,ok,205.0,85.395383,28.295886,2115.4,0.80,12.34,156.52942,side-valley,176.9,1,320.0,722.9,23.31,L,20.40,21.33,,,,,,,,1.00,1,1,,45.00,0.00,0.00,,,0,0,,,0,1,0
main,19.20,s2chg,342847.6,3130984.2,1995.2324,1958.84,1958.84,ok,115.0,85.398487,28.295358,2135.8,0.96,17.41,176.92639,,ok,205.0,85.395383,28.295886,2115.4,0.80,12.34,156.52942,side-valley,176.9,1,320.0,722.9,23.31,L,20.40,21.33,,,,,,,,1.00,1,1,,45.00,0.00,0.00,,,0,0,,,0,1,0
main,19.30,s2,342817.1,3130892.3,2002.0466,1958.84,1958.84,ok,145.0,85.398412,28.294241,2078.6,1.11,17.13,119.72522,,ok,205.0,85.395196,28.295386,2086.5,1.38,21.20,127.63318,side-valley,119.7,1,350.0,545.3,31.38,L,-7.91,27.26,,,,,,,,1.00,1,1,25.00,55.0,0.00,0.00,,,0,0,,,1,1,0
main,19.30,s2chg,342817.1,3130892.3,2002.0466,1958.84,1958.84,ok,145.0,85.398412,28.294241,2078.6,1.11,17.13,119.72522,,ok,205.0,85.395196,28.295386,2086.5,1.38,21.20,127.63318,side-valley,119.7,1,350.0,545.3,31.38,L,-7.91,27.26,,,,,,,,1.00,1,1,25.00,55.0,0.00,0.00,,,0,0,,,1,1,0
main,19.40,s2,342761.0,3130809.7,1940.6014,1940.6014,1940.6014,ok,185.0,85.398043,28.293046,2085.6,1.21,18.57,145.04529,,ok,155.0,85.395263,28.294724,2059.0,1.80,27.50,118.352905,side-valley,145.0,1,340.0,707.5,23.85,L,26.69,33.19,,,,,,,,0.97,1,1,35.00,35.00,0.00,0.00,,,0,0,,,1,1,0
main,19.40,s2chg,342761.0,3130809.7,1940.6014,1940.6014,1940.6014,ok,185.0,85.398043,28.293046,2085.6,1.21,18.57,145.04529,,ok,155.0,85.395263,28.294724,2059.0,1.80,27.50,118.352905,side-valley,145.0,1,340.0,707.5,23.85,L,26.69,33.19,,,,,,,,0.97,1,1,35.00,35.00,0.00,0.00,,,0,0,,,1,1,0
main,19.50,s2,342701.4,3130729.8,1990.1005,1940.6014,1940.6014,ok,155.0,85.397122,28.292385,2078.3,1.12,19.86,137.66394,,ok,145.0,85.394817,28.294024,2082.6,0.99,17.92,142.02307,side-valley,137.7,1,300.0,1729.4,9.76,L,-4.36,26.75,,,,,,,,0.98,1,1,15.00,45.00,0.00,0.00,,,0,0,,,0,0,0
main,19.50,s2chg,342701.4,3130729.8,1990.1005,1940.6014,1940.6014,ok,155.0,85.397122,28.292385,2078.3,1.12,19.86,137.66394,,ok,145.0,85.394817,28.294024,2082.6,0.99,17.92,142.02307,side-valley,137.7,1,300.0,1729.4,9.76,L,-4.36,26.75,,,,,,,,0.98,1,1,15.00,45.00,0.00,0.00,,,0,0,,,0,0,0
main,19.60,s2,342635.5,3130654.8,1988.3296,1940.6014,1940.6014,ok,145.0,85.396385,28.291761,2124.4,1.04,18.59,183.755,,ok,155.0,85.394072,28.293392,2107.7,1.20,21.19,167.10266,,175.4,2,300.0,7687.7,2.21,,,,,,,,,,,1.00,1,1,5.00,55.0,0.00,0.00,,,0,0,,,0,0,0
main,19.60,s2chg,342635.5,3130654.8,1988.3296,1940.6014,1940.6014,ok,145.0,85.396385,28.291761,2124.4,1.04,18.59,183.755,,ok,155.0,85.394072,28.293392,2107.7,1.20,21.19,167.10266,,175.4,2,300.0,7687.7,2.21,,,,,,,,,,,1.00,1,1,5.00,55.0,0.00,0.00,,,0,0,,,0,0,0
main,19.70,s2,342562.0,3130587.3,1986.3376,1940.6014,1940.6014,ok,165.0,85.395788,28.291013,2119.3,0.59,11.62,178.65198,,ok,145.0,85.393425,28.292732,2073.8,1.11,17.07,133.18665,,155.9,2,310.0,1357.0,12.39,R,-45.47,20.65,,,,,,,,1.00,1,1,25.00,55.0,0.00,0.00,,,0,0,,,0,1,0
main,19.70,s2chg,342562.0,3130587.3,1986.3376,1940.6014,1940.6014,ok,165.0,85.395788,28.291013,2119.3,0.59,11.62,178.65198,,ok,145.0,85.393425,28.292732,2073.8,1.11,17.07,133.18665,,155.9,2,310.0,1357.0,12.39,R,-45.47,20.65,,,,,,,,1.00,1,1,25.00,55.0,0.00,0.00,,,0,0,,,0,1,0
main,19.80,s2,342513.2,3130502.8,1925.0522,1925.0522,1925.0522,ok,135.0,85.395121,28.290480,2106.7,1.07,19.13,181.62158,,ok,135.0,85.392964,28.291843,2028.5,1.59,24.28,103.47778,,142.5,2,270.0,3762.0,4.40,,,,,,,,,,,1.00,1,1,5.00,55.0,0.00,0.00,,,0,0,,,0,1,0
main,19.80,s2chg,342513.2,3130502.8,1925.0522,1925.0522,1925.0522,ok,135.0,85.395121,28.290480,2106.7,1.07,19.13,181.62158,,ok,135.0,85.392964,28.291843,2028.5,1.59,24.28,103.47778,,142.5,2,270.0,3762.0,4.40,,,,,,,,,,,1.00,1,1,5.00,55.0,0.00,0.00,,,0,0,,,0,1,0
main,19.90,s2,342447.4,3130427.7,1912.1907,1912.1907,1912.1907,ok,155.0,85.394684,28.289768,2136.1,1.11,19.79,223.95435,,ok,115.0,85.392426,28.290997,2028.5,2.18,33.23,116.349365,,170.2,2,270.0,11468.6,1.43,,,,,,,,,,,1.00,1,1,35.00,35.00,0.00,0.00,,,0,0,,,0,1,0
main,19.90,s2chg,342447.4,3130427.7,1912.1907,1912.1907,1912.1907,ok,155.0,85.394684,28.289768,2136.1,1.11,19.79,223.95435,,ok,115.0,85.392426,28.290997,2028.5,2.18,33.23,116.349365,,170.2,2,270.0,11468.6,1.43,,,,,,,,,,,1.00,1,1,35.00,35.00,0.00,0.00,,,0,0,,,0,1,0
main,20.00,s2,342420.8,3130336.9,1946.1909,1912.1907,1912.1907,ok,105.0,85.393935,28.289109,2078.9,1.61,27.73,166.68823,,ok,155.0,85.391903,28.290471,2007.3,0.66,10.28,95.118286,side-valley,166.7,1,260.0,684.2,24.59,L,71.6,29.58,42.98,24.16,69.6,strong,15962,583190,1.20,1.00,1,1,25.00,35.00,0.00,0.00,,,0,0,,,0,1,0
main,20.00,s2chg,342420.8,3130336.9,1946.1909,1912.1907,1912.1907,ok,105.0,85.393935,28.289109,2078.9,1.61,27.73,166.68823,,ok,155.0,85.391903,28.290471,2007.3,0.66,10.28,95.118286,side-valley,166.7,1,260.0,684.2,24.59,L,71.6,29.58,42.98,24.16,69.6,strong,15962,583190,1.20,1.00,1,1,25.00,35.00,0.00,0.00,,,0,0,,,0,1,0
main,20.00,pelican0827,342420.8,3130336.9,1946.1909,1912.1907,1912.1907,truncated,,,,,,,,capped-by-s2chg,truncated,,,,,,,,side-valley,,0,,684.2,24.59,,,,,,,,,,,0.81,,,,,0.00,0.00,13.50,25.50,,,,,,,0
main,20.00,pelican0901,342420.8,3130336.9,1946.1909,1912.1907,1912.1907,truncated,,,,,,,,capped-by-s2chg,ok,144.8,85.391952,28.290439,2003.7,0.67,3.20,91.47449,side-valley,,0,,684.2,24.59,,,,,,,,,,,0.96,,1,,38.25,0.00,0.00,57.0,,,0,,,,1,0
main,20.10,s2,342349.9,3130271.6,1902.5687,1902.5687,1902.5687,ok,115.0,85.393194,28.288348,2043.0,1.19,21.00,140.45593,,ok,145.0,85.391410,28.289958,2006.2,2.84,43.18,103.625854,side-valley,140.5,1,260.0,695.5,24.09,L,36.83,48.01,,,,,,,,1.00,1,1,45.00,15.00,0.00,0.00,,,0,0,,,0,1,0
main,20.10,s2chg,342349.9,3130271.6,1902.5687,1902.5687,1902.5687,ok,115.0,85.393194,28.288348,2043.0,1.19,21.00,140.45593,,ok,145.0,85.391410,28.289958,2006.2,2.84,43.18,103.625854,side-valley,140.5,1,260.0,695.5,24.09,L,36.83,48.01,,,,,,,,1.00,1,1,45.00,15.00,0.00,0.00,,,0,0,,,0,1,0
main,20.10,pelican0827,342349.9,3130271.6,1902.5687,1902.5687,1902.5687,no-bare,,,,,,,,,truncated,,,,,,,,side-valley,,0,,695.5,24.09,,,,,,,,,,,0.78,,,,,,4.50,,39.00,,,,,,,0
main,20.10,pelican0901,342349.9,3130271.6,1902.5687,1902.5687,1902.5687,truncated,,,,,,,,capped-by-s2chg,ok,150.8,85.391338,28.290023,2036.0,2.23,7.79,133.41943,side-valley,,0,,695.5,24.09,,,,,,,,,,,0.99,,1,,11.25,0.00,0.00,43.50,,,0,,,,1,0
main,20.20,s2,342265.1,3130218.6,1891.6621,1891.6621,1891.6621,ok,155.0,85.392400,28.287441,2043.0,1.56,26.97,151.38379,,ok,125.0,85.390874,28.289469,2017.3,2.20,37.27,125.655396,side-valley,151.4,1,280.0,656.1,25.14,L,25.73,46.01,,,,,,,,0.95,1,1,35.00,15.00,0.00,0.00,,,0,0,,,0,0,0
main,20.20,s2chg,342265.1,3130218.6,1891.6621,1891.6621,1891.6621,ok,155.0,85.392400,28.287441,2043.0,1.56,26.97,151.38379,,ok,125.0,85.390874,28.289469,2017.3,2.20,37.27,125.655396,side-valley,151.4,1,280.0,656.1,25.14,L,25.73,46.01,,,,,,,,0.95,1,1,35.00,15.00,0.00,0.00,,,0,0,,,0,0,0
main,20.20,pelican0827,342265.1,3130218.6,1891.6621,1891.6621,1891.6621,truncated,,,,,,,,,truncated,,,,,,,,side-valley,,0,,656.1,25.14,,,,,,,,,,,0.75,,,,,,,,,,,,,,,0
main,20.20,pelican0901,342265.1,3130218.6,1891.6621,1891.6621,1891.6621,truncated,,,,,,,,capped-by-s2chg,ok,125.2,85.390848,28.289503,2028.0,2.32,18.66,136.32983,side-valley,,0,,656.1,25.14,,,,,,,,,,,0.99,,1,,14.25,0.00,0.00,51.0,,,0,,,,0,0
main,20.30,s2,342181.8,3130163.4,1877.1494,1877.1494,1877.1494,ok,155.0,85.391421,28.286861,2033.1,1.26,22.21,155.92517,,ok,155.0,85.389998,28.289257,2087.0,2.24,37.89,209.80615,side-valley,155.9,1,310.0,1315.7,12.85,L,-53.9,43.92,,,,,,,,1.00,1,1,45.00,45.00,0.00,0.00,,,0,0,,,0,0,0
main,20.30,s2chg,342181.8,3130163.4,1877.1494,1877.1494,1877.1494,ok,155.0,85.391421,28.286861,2033.1,1.26,22.21,155.92517,,ok,155.0,85.389998,28.289257,2087.0,2.24,37.89,209.80615,side-valley,155.9,1,310.0,1315.7,12.85,L,-53.9,43.92,,,,,,,,1.00,1,1,45.00,45.00,0.00,0.00,,,0,0,,,0,0,0
main,20.30,pelican0827,342181.8,3130163.4,1877.1494,1877.1494,1877.1494,truncated,,,,,,,,,truncated,,,,,,,,side-valley,,0,,1315.7,12.85,,,,,,,,,,,0.72,,,,,,,,,,,,,,,0
main,20.30,pelican0901,342181.8,3130163.4,1877.1494,1877.1494,1877.1494,ok,165.8,85.391493,28.286741,2048.9,1.13,11.09,171.76001,capped-by-s2chg,ok,140.2,85.390048,28.289173,2063.2,2.44,19.44,186.0503,side-valley,,0,306.0,1315.7,12.85,L,-14.29,22.38,,,,,,,,1.00,1,1,39.75,41.25,0.00,0.00,,,0,0,,,0,0,0
main,20.40,s2,342094.0,3130119.9,1870.5359,1870.5359,1870.5359,ok,195.0,85.390602,28.286087,2022.8,1.02,18.32,152.27527,,ok,135.0,85.389287,28.288730,2042.0,1.79,27.29,171.49097,,161.9,2,330.0,33317.1,0.50,,,,,,,,,,,1.00,1,1,55.0,45.00,0.00,0.00,,,0,0,,,0,1,0
main,20.40,s2chg,342094.0,3130119.9,1870.5359,1870.5359,1870.5359,ok,195.0,85.390602,28.286087,2022.8,1.02,18.32,152.27527,,ok,135.0,85.389287,28.288730,2042.0,1.79,27.29,171.49097,,161.9,2,330.0,33317.1,0.50,,,,,,,,,,,1.00,1,1,55.0,45.00,0.00,0.00,,,0,0,,,0,1,0
main,20.40,pelican0827,342094.0,3130119.9,1870.5359,1870.5359,1870.5359,truncated,,,,,,,,capped-by-s2chg,truncated,,,,,,,,capped-by-s2chg,,0,,33317.1,0.50,,,,,,,,,,,0.71,,,,,,,,,,,,,,,0
main,20.40,pelican0901,342094.0,3130119.9,1870.5359,1870.5359,1870.5359,ok,204.8,85.390659,28.285972,2033.8,0.95,9.91,163.2356,,ok,147.8,85.389217,28.288870,2072.5,2.05,7.27,201.97021,,182.6,2,352.5,33317.1,0.50,,,,,,,,,,,1.00,1,1,32.25,44.25,0.00,0.00,,,0,0,,,0,1,0
main,20.50,s2,341996.4,3130100.1,1930.8407,1870.5359,1870.5359,ok,285.0,85.390102,28.285205,2001.7,0.91,16.63,131.2041,side-valley,ok,65.0,85.388556,28.287951,2039.0,2.15,36.39,168.51013,,168.5,1,350.0,729.9,23.09,R,37.31,40.01,,,,,,,,1.00,1,1,45.00,25.00,0.00,0.00,,,0,0,,,0,0,0
main,20.50,s2chg,341996.4,3130100.1,1930.8407,1870.5359,1870.5359,ok,285.0,85.390102,28.285205,2001.7,0.91,16.63,131.2041,side-valley,ok,65.0,85.388556,28.287951,2039.0,2.15,36.39,168.51013,,168.5,1,350.0,729.9,23.09,R,37.31,40.01,,,,,,,,1.00,1,1,45.00,25.00,0.00,0.00,,,0,0,,,0,0,0
main,20.50,pelican0827,341996.4,3130100.1,1930.8407,1870.5359,1870.5359,truncated,,,,,,,,side-valley,truncated,,,,,,,,capped-by-s2chg,,0,,729.9,23.09,,,,,,,,,,,0.77,,,,,0.00,0.00,55.5,10.50,,,,,,,0
main,20.50,pelican0901,341996.4,3130100.1,1930.8407,1870.5359,1870.5359,truncated,,,,,,,,side-valley;capped-by-s2chg,ok,78.8,85.388474,28.288096,2073.8,2.23,7.80,203.25781,capped-by-s2chg,,0,,729.9,23.09,,,,,,,,,,,0.99,,1,,21.75,0.00,0.00,31.50,,,0,,,,1,0
main,20.60,s2,341912.0,3130048.1,1940.3969,1870.5359,1870.5359,ok,265.0,85.389614,28.285142,2003.5,0.68,10.62,133.00488,side-valley,ok,65.0,85.387597,28.287412,2046.4,1.66,28.60,175.84583,,175.8,1,330.0,469.4,36.47,R,42.84,30.51,24.45,9.62,43.60,weak,,,0.63,1.00,1,1,45.00,15.00,0.00,0.00,,,0,0,,,1,0,0
main,20.60,s2chg,341912.0,3130048.1,1940.3969,1870.5359,1870.5359,ok,265.0,85.389614,28.285142,2003.5,0.68,10.62,133.00488,side-valley,ok,65.0,85.387597,28.287412,2046.4,1.66,28.60,175.84583,,175.8,1,330.0,469.4,36.47,R,42.84,30.51,24.45,9.62,43.60,weak,,,0.63,1.00,1,1,45.00,15.00,0.00,0.00,,,0,0,,,1,0,0
main,20.60,pelican0827,341912.0,3130048.1,1940.3969,1870.5359,1870.5359,truncated,,,,,,,,side-valley;capped-by-s2chg,truncated,,,,,,,,capped-by-s2chg,,0,,469.4,36.47,,,,,,,,,,,0.79,,,,,0.00,0.00,12.00,7.50,,,,,,,0
main,20.60,pelican0901,341912.0,3130048.1,1940.3969,1870.5359,1870.5359,truncated,,,,,,,,side-valley;capped-by-s2chg,ok,75.8,85.387503,28.287519,2057.7,1.33,5.12,187.15063,,187.2,1,,469.4,36.47,,,,,,,,,,,0.99,,1,,15.75,0.00,0.00,43.50,,,0,,,,1,0
main,20.70,s2,341848.3,3129971.2,1858.5007,1858.5007,1858.5007,ok,225.0,85.389165,28.285136,2021.5,1.65,25.28,162.96252,side-valley,ok,85.0,85.386671,28.286704,1980.7,1.76,30.19,122.15759,,122.2,1,310.0,658.2,25.29,R,-40.80,39.37,,,,,,,,1.00,1,1,35.00,35.00,0.00,0.00,,,0,0,,,1,0,0
main,20.70,s2chg,341848.3,3129971.2,1858.5007,1858.5007,1858.5007,ok,225.0,85.389165,28.285136,2021.5,1.65,25.28,162.96252,side-valley,ok,85.0,85.386671,28.286704,1980.7,1.76,30.19,122.15759,,122.2,1,310.0,658.2,25.29,R,-40.80,39.37,,,,,,,,1.00,1,1,35.00,35.00,0.00,0.00,,,0,0,,,1,0,0
main,20.70,pelican0827,341848.3,3129971.2,1858.5007,1858.5007,1858.5007,truncated,,,,,,,,side-valley;capped-by-s2chg,truncated,,,,,,,,capped-by-s2chg,,0,,658.2,25.29,,,,,,,,,,,0.83,,,,,0.00,0.00,30.00,39.00,,,,,,,0
main,20.70,pelican0901,341848.3,3129971.2,1858.5007,1858.5007,1858.5007,truncated,,,,,,,,side-valley;capped-by-s2chg,ok,89.2,85.386601,28.286748,1991.0,1.63,14.23,132.49768,,132.5,1,,658.2,25.29,,,,,,,,,,,0.98,,1,,35.25,0.00,0.00,180.0,,,0,,,,0,0
main,20.80,s2,341797.8,3129887.9,1858.5293,1858.5007,1858.5007,ok,155.0,85.388151,28.284842,2002.5,1.29,22.67,143.9867,side-valley,ok,115.0,85.385866,28.286031,1937.8,1.15,17.59,79.29138,,79.3,1,270.0,9251.7,1.78,,,,,,,,,,,1.00,1,1,25.00,45.00,0.00,0.00,,,0,0,,,0,1,0
main,20.80,s2chg,341797.8,3129887.9,1858.5293,1858.5007,1858.5007,ok,155.0,85.388151,28.284842,2002.5,1.29,22.67,143.9867,side-valley,ok,115.0,85.385866,28.286031,1937.8,1.15,17.59,79.29138,,79.3,1,270.0,9251.7,1.78,,,,,,,,,,,1.00,1,1,25.00,45.00,0.00,0.00,,,0,0,,,0,1,0
main,20.80,pelican0827,341797.8,3129887.9,1858.5293,1858.5007,1858.5007,truncated,,,,,,,,side-valley;capped-by-s2chg,truncated,,,,,,,,capped-by-s2chg,,0,,9251.7,1.78,,,,,,,,,,,0.75,,,,,,,,,,,,,,,0
main,20.80,pelican0901,341797.8,3129887.9,1858.5293,1858.5007,1858.5007,truncated,,,,,,,,side-valley;capped-by-s2chg,ok,126.8,85.385725,28.286104,1942.8,1.25,11.85,84.25281,,84.3,1,,9251.7,1.78,,,,,,,,,,,0.95,,1,,42.75,0.00,0.00,54.0,,,0,,,,0,0
main,20.90,s2,341763.2,3129794.4,1883.088,1858.5007,1858.5007,ok,45.00,85.386821,28.284465,1957.8,1.41,24.59,99.28076,,ok,175.0,85.385099,28.285591,1940.9,0.89,13.71,82.447754,side-valley,99.3,1,220.0,664.7,25.66,L,16.83,28.16,,,,,,,,1.00,1,1,25.00,65.0,0.00,0.00,,,0,0,,,0,1,0
main,20.90,s2chg,341763.2,3129794.4,1883.088,1858.5007,1858.5007,ok,45.00,85.386821,28.284465,1957.8,1.41,24.59,99.28076,,ok,175.0,85.385099,28.285591,1940.9,0.89,13.71,82.447754,side-valley,99.3,1,220.0,664.7,25.66,L,16.83,28.16,,,,,,,,1.00,1,1,25.00,65.0,0.00,0.00,,,0,0,,,0,1,0
main,20.90,pelican0827,341763.2,3129794.4,1883.088,1858.5007,1858.5007,truncated,,,,,,,,capped-by-s2chg,truncated,,,,,,,,side-valley;capped-by-s2chg,,0,,664.7,25.66,,,,,,,,,,,0.80,,,,,,,,,,,,,,,0
main,20.90,pelican0901,341763.2,3129794.4,1883.088,1858.5007,1858.5007,truncated,,,,,,,,capped-by-s2chg,ok,182.2,85.385005,28.285653,1947.8,0.79,3.56,89.292725,side-valley,,0,,664.7,25.66,,,,,,,,,,,0.98,,1,,66.8,0.00,0.00,4.50,,,0,,,,1,0
main,21.00,s2,341688.5,3129730.3,1892.5742,1858.5007,1858.5007,truncated,,,,,,,,,ok,175.0,85.384630,28.285270,1924.5,0.97,14.91,66.04468,side-valley,,0,,687.6,24.57,,,,,,,,,,,0.84,,1,,55.0,,20.00,,,,0,,,,1,0
main,21.00,s2chg,341688.5,3129730.3,1892.5742,1858.5007,1858.5007,truncated,,,,,,,,,ok,175.0,85.384630,28.285270,1924.5,0.97,14.91,66.04468,side-valley,,0,,687.6,24.57,,,,,,,,,,,0.84,,1,,55.0,,20.00,,,,0,,,,1,0
main,21.00,pelican0827,341688.5,3129730.3,1892.5742,1858.5007,1858.5007,truncated,,,,,,,,uncapped-s2-truncated,truncated,,,,,,,,side-valley;capped-by-s2chg,,0,,687.6,24.57,,,,,,,,,,,0.39,,,,,,,,,,,,,,,0
main,21.00,pelican0901,341688.5,3129730.3,1892.5742,1858.5007,1858.5007,truncated,,,,,,,,uncapped-s2-truncated,ok,174.8,85.384604,28.285297,1928.7,1.12,4.50,70.18811,side-valley,,0,,687.6,24.57,,,,,,,,,,,0.96,,1,,51.8,22.50,7.50,22.50,,,0,,,,1,0
main,21.10,s2,341598.2,3129687.6,1876.7528,1858.5293,1858.5007,truncated,,,,,,,,,ok,145.0,85.384017,28.284737,1926.7,1.88,28.61,68.20862,side-valley,,0,,2276.2,7.28,,,,,,,,,,,0.68,,1,,55.0,0.00,0.00,0.00,,,0,,,,1,0
main,21.10,s2chg,341598.2,3129687.6,1876.7528,1858.5293,1858.5007,truncated,,,,,,,,,ok,145.0,85.384017,28.284737,1926.7,1.88,28.61,68.20862,side-valley,,0,,2276.2,7.28,,,,,,,,,,,0.68,,1,,55.0,0.00,0.00,0.00,,,0,,,,1,0
main,21.10,pelican0827,341598.2,3129687.6,1876.7528,1858.5293,1858.5007,truncated,,,,,,,,uncapped-s2-truncated,truncated,,,,,,,,side-valley;capped-by-s2chg,,0,,2276.2,7.28,,,,,,,,,,,0.43,,,,,0.00,0.00,10.50,6.00,,,,,,,0
main,21.10,pelican0901,341598.2,3129687.6,1876.7528,1858.5293,1858.5007,truncated,,,,,,,,uncapped-s2-truncated,ok,146.2,85.383985,28.284778,1935.7,1.38,5.26,77.151855,side-valley,,0,,2276.2,7.28,,,,,,,,,,,0.97,,1,,50.2,0.00,0.00,28.50,,,0,,,,1,0
main,21.20,s2,341517.5,3129628.9,1860.9478,1860.9478,1858.5007,truncated,,,,,,,,,ok,135.0,85.383243,28.284113,1932.6,1.29,19.81,71.63208,side-valley,,0,,7448.9,2.25,,,,,,,,,,,0.57,,1,,45.00,0.00,0.00,50.00,,,0,,,,1,0
main,21.20,s2chg,341517.5,3129628.9,1860.9478,1860.9478,1858.5007,truncated,,,,,,,,,ok,135.0,85.383243,28.284113,1932.6,1.29,19.81,71.63208,side-valley,,0,,7448.9,2.25,,,,,,,,,,,0.57,,1,,45.00,0.00,0.00,50.00,,,0,,,,1,0
main,21.20,pelican0827,341517.5,3129628.9,1860.9478,1860.9478,1858.5007,truncated,,,,,,,,uncapped-s2-truncated,truncated,,,,,,,,side-valley;capped-by-s2chg,,0,,7448.9,2.25,,,,,,,,,,,0.48,,,,,55.5,6.00,102.0,13.50,,,,,,,0
main,21.20,pelican0901,341517.5,3129628.9,1860.9478,1860.9478,1858.5007,truncated,,,,,,,,uncapped-s2-truncated,ok,77.2,85.383559,28.283720,1860.3,0.41,2.51,-0.68444824,side-valley;capped-by-s2chg,,0,,7448.9,2.25,,,,,,,,,,,0.99,,1,,50.2,0.00,0.00,114.0,,,0,,,,1,0
main,21.30,s2,341437.2,3129573.9,1845.9565,1845.9565,1845.9565,truncated,,,,,,,,manual:cloud-shadow,ok,125.0,85.382481,28.283526,1937.8,1.35,20.64,91.89099,,91.9,1,,1843.9,8.96,,,,,,,,,,,0.63,,1,,45.00,0.00,0.00,100.0,,,0,,,,1,0
main,21.30,s2chg,341437.2,3129573.9,1845.9565,1845.9565,1845.9565,truncated,,,,,,,,manual:cloud-shadow,ok,125.0,85.382481,28.283526,1937.8,1.35,20.64,91.89099,,91.9,1,,1843.9,8.96,,,,,,,,,,,0.63,,1,,45.00,0.00,0.00,100.0,,,0,,,,1,0
main,21.30,pelican0827,341437.2,3129573.9,1845.9565,1845.9565,1845.9565,truncated,,,,,,,,uncapped-s2-truncated;manual:cloud-shadow,ok,144.8,85.382337,28.283701,1970.8,1.45,5.48,124.87988,capped-by-s2chg,,0,,1843.9,8.96,,,,,,,,,,,0.50,,1,,44.25,,4.50,,,,0,,,,1,0
main,21.30,pelican0901,341437.2,3129573.9,1845.9565,1845.9565,1845.9565,truncated,,,,,,,,uncapped-s2-truncated;manual:cloud-shadow,ok,125.2,85.382454,28.283559,1944.6,1.43,5.41,98.64563,,98.6,1,,1843.9,8.96,,,,,,,,,,,0.98,,1,,44.25,0.00,0.00,135.0,,,0,,,,1,0
main,21.40,s2,341365.2,3129506.6,1828.6256,1828.6256,1828.6256,ok,135.0,85.383226,28.281068,1999.5,1.89,32.27,170.86194,manual:cloud-shadow,ok,135.0,85.381724,28.283002,1948.8,1.28,19.65,120.204346,,120.2,1,270.0,1767.0,9.27,R,-50.7,37.78,,,,,,,,0.70,1,1,25.00,45.00,0.00,0.00,,,0,0,,,0,1,0
main,21.40,s2chg,341365.2,3129506.6,1828.6256,1828.6256,1828.6256,ok,135.0,85.383226,28.281068,1999.5,1.89,32.27,170.86194,manual:cloud-shadow,ok,135.0,85.381724,28.283002,1948.8,1.28,19.65,120.204346,,120.2,1,270.0,1767.0,9.27,R,-50.7,37.78,,,,,,,,0.70,1,1,25.00,45.00,0.00,0.00,,,0,0,,,0,1,0
main,21.40,pelican0827,341365.2,3129506.6,1828.6256,1828.6256,1828.6256,truncated,,,,,,,,capped-by-s2chg;manual:cloud-shadow,truncated,,,,,,,,capped-by-s2chg,,0,,1767.0,9.27,,,,,,,,,,,0.89,,,,,0.00,0.00,0.00,0.00,,,,,,,0
main,21.40,pelican0901,341365.2,3129506.6,1828.6256,1828.6256,1828.6256,truncated,,,,,,,,capped-by-s2chg;manual:cloud-shadow,ok,147.8,85.381626,28.283128,1969.4,1.27,4.94,140.75537,capped-by-s2chg,,0,,1767.0,9.27,,,,,,,,,,,0.99,,1,,39.75,0.00,0.00,21.00,,,0,,,,1,0
main,21.50,s2,341271.4,3129476.9,1824.9991,1824.9991,1824.9991,ok,185.0,85.382844,28.280628,2004.6,2.05,34.73,179.6128,junction;manual:cloud-shadow,ok,115.0,85.380716,28.282445,1924.8,1.04,16.02,99.77881,junction,,0,300.0,883.7,18.66,,,,,,,,,,,0.69,1,1,55.0,35.00,0.00,0.00,,,0,0,,,0,1,0
main,21.50,s2chg,341271.4,3129476.9,1824.9991,1824.9991,1824.9991,ok,185.0,85.382844,28.280628,2004.6,2.05,34.73,179.6128,junction;manual:cloud-shadow,ok,115.0,85.380716,28.282445,1924.8,1.04,16.02,99.77881,junction,,0,300.0,883.7,18.66,,,,,,,,,,,0.69,1,1,55.0,35.00,0.00,0.00,,,0,0,,,0,1,0
main,21.50,pelican0827,341271.4,3129476.9,1824.9991,1824.9991,1824.9991,truncated,,,,,,,,junction;capped-by-s2chg;manual:cloud-shadow,ok,132.8,85.380554,28.282582,1959.3,1.43,5.42,134.27222,junction;capped-by-s2chg,,0,,883.7,18.66,,,,,,,,,,,0.98,,1,,30.75,0.00,0.00,46.50,,,0,,,,1,0
main,21.50,pelican0901,341271.4,3129476.9,1824.9991,1824.9991,1824.9991,ok,195.8,85.382954,28.280534,2035.9,1.98,16.50,210.91382,junction;capped-by-s2chg;manual:cloud-shadow,ok,131.2,85.380565,28.282573,1958.2,1.47,5.54,133.19751,junction;capped-by-s2chg,,0,327.0,883.7,18.66,,,,,,,,,,,1.00,1,1,51.8,30.75,0.00,0.00,,,0,0,,,0,1,0
main,21.60,s2,341225.2,3129390.5,1820.7361,1820.7361,1820.7361,ok,155.0,85.382243,28.280109,1990.6,1.71,29.28,169.8612,junction;manual:cloud-shadow,ok,155.0,85.379885,28.281832,1923.3,1.97,30.08,102.54773,junction,,0,310.0,8596.7,1.88,,,,,,,,,,,0.83,1,1,45.00,45.00,0.00,0.00,,,0,0,,,0,1,0
main,21.60,s2chg,341225.2,3129390.5,1820.7361,1820.7361,1820.7361,ok,155.0,85.382243,28.280109,1990.6,1.71,29.28,169.8612,junction;manual:cloud-shadow,ok,155.0,85.379885,28.281832,1923.3,1.97,30.08,102.54773,junction,,0,310.0,8596.7,1.88,,,,,,,,,,,0.83,1,1,45.00,45.00,0.00,0.00,,,0,0,,,0,1,0
main,21.60,pelican0827,341225.2,3129390.5,1820.7361,1820.7361,1820.7361,ok,170.2,85.382396,28.279997,1916.1,1.98,7.04,95.347046,junction;capped-by-s2chg;manual:cloud-shadow,ok,165.8,85.379767,28.281918,1960.5,3.36,11.16,139.77527,junction;capped-by-s2chg,,0,336.0,8596.7,1.88,,,,,,,,,,,1.00,1,1,45.75,45.75,0.00,0.00,,,0,0,,,1,1,0
main,21.60,pelican0901,341225.2,3129390.5,1820.7361,1820.7361,1820.7361,ok,170.2,85.382396,28.279997,1916.1,1.98,7.04,95.347046,junction;capped-by-s2chg;manual:cloud-shadow,ok,162.8,85.379790,28.281901,1952.9,3.11,10.42,132.16675,junction,,0,333.0,8596.7,1.88,,,,,,,,,,,1.00,1,1,45.75,45.75,0.00,0.00,,,0,0,,,1,1,0
main,21.70,s2,341177.2,3129304.3,1820.3098,1820.3098,1820.3098,ok,95.0,85.381232,28.279610,1898.5,1.12,17.15,78.21655,junction;manual:cloud-shadow,ok,165.0,85.379438,28.281212,1902.8,2.00,30.54,82.450195,junction,,0,260.0,1174.6,13.94,,,,,,,,,,,1.00,1,1,35.00,105.0,0.00,0.00,,,0,0,,,1,1,0
main,21.70,s2chg,341177.2,3129304.3,1820.3098,1820.3098,1820.3098,ok,95.0,85.381232,28.279610,1898.5,1.12,17.15,78.21655,junction;manual:cloud-shadow,ok,165.0,85.379438,28.281212,1902.8,2.00,30.54,82.450195,junction,,0,260.0,1174.6,13.94,,,,,,,,,,,1.00,1,1,35.00,105.0,0.00,0.00,,,0,0,,,1,1,0
main,21.70,pelican0827,341177.2,3129304.3,1820.3098,1820.3098,1820.3098,ok,105.8,85.381340,28.279514,1920.4,1.26,4.91,100.121704,junction;capped-by-s2chg;manual:cloud-shadow,ok,176.2,85.379327,28.281311,1922.3,1.36,5.22,102.02637,junction;capped-by-s2chg,,0,282.0,1174.6,13.94,,,,,,,,,,,1.00,1,1,32.25,105.8,0.00,0.00,,,0,0,,,1,1,0
main,21.70,pelican0901,341177.2,3129304.3,1820.3098,1820.3098,1820.3098,ok,104.2,85.381329,28.279523,1918.4,1.30,5.03,98.04712,junction;capped-by-s2chg;manual:cloud-shadow,ok,158.2,85.379456,28.281196,1899.1,2.00,7.10,78.83984,junction,,0,262.5,1174.6,13.94,,,,,,,,,,,1.00,1,1,32.25,105.8,0.00,0.00,,,0,0,,,1,1,0
main,21.80,s2,341090.4,3129258.4,1815.5707,1815.5707,1815.5707,ok,85.0,85.380191,28.279181,1917.6,1.43,21.88,102.04797,junction,ok,155.0,85.378801,28.280852,1864.8,0.82,15.20,49.2157,junction,,0,240.0,1061.6,15.70,,,,,,,,,,,1.00,1,1,25.00,35.00,0.00,0.00,,,0,0,,,1,0,0
main,21.80,s2chg,341090.4,3129258.4,1815.5707,1815.5707,1815.5707,ok,85.0,85.380191,28.279181,1917.6,1.43,21.88,102.04797,junction,ok,55.0,85.379405,28.280125,1829.3,0.81,12.58,13.718506,junction,,0,140.0,1061.6,15.70,,,,,,,,,,,1.00,1,1,25.00,35.00,0.00,0.00,,,0,0,,,1,1,0
main,21.80,pelican0827,341090.4,3129258.4,1815.5707,1815.5707,1815.5707,ok,99.8,85.380306,28.279043,1930.1,1.35,12.47,114.54675,junction;capped-by-s2chg,ok,66.8,85.379309,28.280242,1832.9,0.02,1.53,17.366089,junction;capped-by-s2chg;prebare-at-trim,,0,166.5,1061.6,15.70,,,,,,,,,,,1.00,1,1,23.25,38.25,0.00,0.00,,,0,1,,,0,1,0
main,21.80,pelican0901,341090.4,3129258.4,1815.5707,1815.5707,1815.5707,ok,99.8,85.380306,28.279043,1930.1,1.35,12.47,114.54675,junction;capped-by-s2chg,ok,66.8,85.379309,28.280242,1832.9,0.02,1.53,17.366089,junction;capped-by-s2chg;prebare-at-trim,,0,166.5,1061.6,15.70,,,,,,,,,,,1.00,1,1,23.25,38.25,0.00,0.00,,,0,1,,,0,1,0
main,21.90,s2,341003.6,3129211.3,1813.7676,1813.7676,1813.7676,ok,105.0,85.379393,28.278574,1931.6,1.41,24.50,117.81848,junction,open,,,,,,,,junction,,0,,3245.8,5.04,,,,,,,,,,,1.00,1,,35.00,,0.00,0.00,,600.0,0,,,,0,,0
main,21.90,s2chg,341003.6,3129211.3,1813.7676,1813.7676,1813.7676,ok,105.0,85.379393,28.278574,1931.6,1.41,24.50,117.81848,junction,open,,,,,,,,junction,,0,,3245.8,5.04,,,,,,,,,,,1.00,1,,35.00,,0.00,0.00,,600.0,0,,,,0,,0
main,21.90,pelican0827,341003.6,3129211.3,1813.7676,1813.7676,1813.7676,ok,123.8,85.379523,28.278401,1958.8,1.09,10.84,145.00476,junction;capped-by-s2chg,truncated,,,,,,,,junction;uncapped-s2-open,,0,,3245.8,5.04,,,,,,,,,,,0.99,1,,36.75,,0.00,0.00,,451.5,0,,,,0,,0
main,21.90,pelican0901,341003.6,3129211.3,1813.7676,1813.7676,1813.7676,ok,123.8,85.379523,28.278401,1958.8,1.09,10.84,145.00476,junction;capped-by-s2chg,open,,,,,,,,junction;uncapped-s2-open,,0,,3245.8,5.04,,,,,,,,,,,1.00,1,,36.75,,0.00,0.00,,600.0,0,,,,0,,0
main,22.00,s2,340931.1,3129143.5,1817.5468,1813.7676,1813.7676,ok,105.0,85.378733,28.277998,1918.8,1.42,24.70,104.998535,junction,open,,,,,,,,junction,,0,,609.2,26.32,,,,,,,,,,,1.00,1,,45.00,,0.00,0.00,,600.0,0,,,,0,,0
main,22.00,s2chg,340931.1,3129143.5,1817.5468,1813.7676,1813.7676,ok,105.0,85.378733,28.277998,1918.8,1.42,24.70,104.998535,junction,open,,,,,,,,junction,,0,,609.2,26.32,,,,,,,,,,,1.00,1,,45.00,,0.00,0.00,,600.0,0,,,,0,,0
main,22.00,pelican0827,340931.1,3129143.5,1817.5468,1813.7676,1813.7676,ok,120.8,85.378859,28.277857,1943.2,1.26,11.88,129.40942,junction;capped-by-s2chg,truncated,,,,,,,,junction;uncapped-s2-open,,0,,609.2,26.32,,,,,,,,,,,0.97,1,,47.25,,0.00,0.00,,519.0,0,,,,0,,0
main,22.00,pelican0901,340931.1,3129143.5,1817.5468,1813.7676,1813.7676,ok,120.8,85.378859,28.277857,1943.2,1.26,11.88,129.40942,junction;capped-by-s2chg,open,,,,,,,,junction;uncapped-s2-open,,0,,609.2,26.32,,,,,,,,,,,1.00,1,,47.25,,0.00,0.00,,600.0,0,,,,0,,0
main,22.10,s2,340846.7,3129089.9,1801.372,1801.372,1801.372,ok,165.0,85.378485,28.277273,1934.7,1.10,19.63,133.375,junction;side-valley;no-change-in-run,ok,165.0,85.376008,28.279152,1910.4,1.17,17.98,109.04224,junction,,0,330.0,312.1,53.3,,,,,,,,,,,1.00,0,1,125.0,65.0,0.00,0.00,,,0,0,,,0,1,0
main,22.10,s2chg,340846.7,3129089.9,1801.372,1801.372,1801.372,ok,165.0,85.378485,28.277273,1934.7,1.10,19.63,133.375,junction;side-valley;no-change-in-run,ok,165.0,85.376008,28.279152,1910.4,1.17,17.98,109.04224,junction,,0,330.0,312.1,53.3,,,,,,,,,,,1.00,0,1,125.0,65.0,0.00,0.00,,,0,0,,,0,1,0
main,22.10,pelican0827,340846.7,3129089.9,1801.372,1801.372,1801.372,ok,72.8,85.377804,28.277790,1822.1,0.66,8.10,20.701294,junction;side-valley;capped-by-s2chg;prebare-at-trim;no-change-in-run,truncated,,,,,,,,junction;capped-by-s2chg,,0,,312.1,53.3,,,,,,,,,,,0.96,0,,45.75,,0.00,0.00,,51.0,1,,,,0,,0
main,22.10,pelican0901,340846.7,3129089.9,1801.372,1801.372,1801.372,ok,72.8,85.377804,28.277790,1822.1,0.66,8.10,20.701294,junction;side-valley;capped-by-s2chg;prebare-at-trim;no-change-in-run,ok,182.2,85.375842,28.279278,1938.9,0.80,3.59,137.55762,junction;capped-by-s2chg,,0,255.0,312.1,53.3,,,,,,,,,,,1.00,0,1,45.75,62.2,0.00,0.00,,,1,0,,,0,1,0
main,22.20,s2,340797.8,3129012.5,1797.1771,1797.1771,1797.1771,ok,175.0,85.378431,28.277103,1933.3,1.02,18.35,136.09875,junction,ok,105.0,85.375777,28.277746,1946.6,0.92,14.18,149.453,junction;side-valley,,0,280.0,293.3,58.7,,,,,,,,,,,1.00,1,1,125.0,15.00,0.00,0.00,,,0,0,,,0,1,0
main,22.20,s2chg,340797.8,3129012.5,1797.1771,1797.1771,1797.1771,ok,175.0,85.378431,28.277103,1933.3,1.02,18.35,136.09875,junction,ok,105.0,85.375777,28.277746,1946.6,0.92,14.18,149.453,junction;side-valley,,0,280.0,293.3,58.7,,,,,,,,,,,1.00,1,1,125.0,15.00,0.00,0.00,,,0,0,,,0,1,0
main,22.20,pelican0827,340797.8,3129012.5,1797.1771,1797.1771,1797.1771,ok,194.2,85.378662,28.277047,1948.8,0.62,7.84,151.66296,junction;capped-by-s2chg,ok,116.2,85.375624,28.277783,1962.3,1.37,5.25,165.11707,junction;side-valley;capped-by-s2chg,,0,310.5,293.3,58.7,,,,,,,,,,,1.00,1,1,44.25,18.75,0.00,0.00,,,0,0,,,0,1,0
main,22.20,pelican0901,340797.8,3129012.5,1797.1771,1797.1771,1797.1771,ok,194.2,85.378662,28.277047,1948.8,0.62,7.84,151.66296,junction;capped-by-s2chg,ok,104.2,85.375742,28.277754,1949.6,1.01,4.18,152.41296,junction;side-valley,,0,298.5,293.3,58.7,,,,,,,,,,,1.00,1,1,44.25,18.75,0.00,0.00,,,0,0,,,0,1,0
main,22.30,s2,340798.7,3128918.9,1794.3417,1794.3417,1794.3417,ok,185.0,85.378592,28.276924,1943.3,0.60,11.79,148.9674,junction,ok,145.0,85.375373,28.276460,1882.0,0.68,10.64,87.68298,junction;side-valley,,0,330.0,354.1,46.44,,,,,,,,,,,1.00,1,1,55.0,35.00,0.00,0.00,,,0,0,,,0,1,0
main,22.30,s2chg,340798.7,3128918.9,1794.3417,1794.3417,1794.3417,ok,75.0,85.377486,28.276765,1814.0,0.24,4.11,19.700317,junction,ok,145.0,85.375373,28.276460,1882.0,0.68,10.64,87.68298,junction;side-valley,,0,220.0,354.1,46.44,,,,,,,,,,,1.00,1,1,55.0,35.00,0.00,0.00,,,0,0,,,1,1,0
main,22.30,pelican0827,340798.7,3128918.9,1794.3417,1794.3417,1794.3417,ok,87.8,85.377657,28.276789,1822.2,0.80,3.58,27.895142,junction;capped-by-s2chg;prebare-at-trim,ok,155.2,85.375227,28.276439,1891.0,0.86,3.77,96.622314,junction;side-valley;capped-by-s2chg,,0,243.0,354.1,46.44,,,,,,,,,,,1.00,1,1,51.8,39.75,0.00,0.00,,,1,0,,,1,1,0
main,22.30,pelican0901,340798.7,3128918.9,1794.3417,1794.3417,1794.3417,ok,87.8,85.377657,28.276789,1822.2,0.80,3.58,27.895142,junction;capped-by-s2chg;prebare-at-trim,ok,153.8,85.375242,28.276441,1890.1,0.85,3.74,95.7251,junction;side-valley,,0,241.5,354.1,46.44,,,,,,,,,,,1.00,1,1,51.8,39.75,0.00,0.00,,,1,0,,,1,1,0
main,22.40,s2,340837.2,3128826.9,1793.6066,1793.6066,1793.6066,ok,125.0,85.378345,28.276186,1871.8,1.21,18.64,78.186035,junction,ok,175.0,85.375545,28.275345,1870.2,0.97,14.90,76.63452,junction;side-valley,,0,300.0,1460.4,11.00,,,,,,,,,,,1.00,1,1,65.0,65.0,0.00,0.00,,,0,0,,,1,1,0
main,22.40,s2chg,340837.2,3128826.9,1793.6066,1793.6066,1793.6066,ok,125.0,85.378345,28.276186,1871.8,1.21,18.64,78.186035,junction,ok,175.0,85.375545,28.275345,1870.2,0.97,14.90,76.63452,junction;side-valley,,0,300.0,1460.4,11.00,,,,,,,,,,,1.00,1,1,65.0,65.0,0.00,0.00,,,0,0,,,1,1,0
main,22.40,pelican0827,340837.2,3128826.9,1793.6066,1793.6066,1793.6066,ok,144.8,85.378576,28.276255,1918.5,1.17,11.36,124.94141,junction;capped-by-s2chg,ok,201.8,85.375246,28.275256,1903.3,1.77,6.43,109.72302,junction;side-valley;capped-by-s2chg,,0,346.5,1460.4,11.00,,,,,,,,,,,1.00,1,1,66.8,60.8,0.00,0.00,,,0,0,,,0,1,0
main,22.40,pelican0901,340837.2,3128826.9,1793.6066,1793.6066,1793.6066,ok,144.8,85.378576,28.276255,1918.5,1.17,11.36,124.94141,junction;capped-by-s2chg,ok,201.8,85.375246,28.275256,1903.3,1.77,6.43,109.72302,junction;side-valley;capped-by-s2chg,,0,346.5,1460.4,11.00,,,,,,,,,,,1.00,1,1,66.8,60.8,0.00,0.00,,,0,0,,,0,1,0
main,22.50,s2,340861.7,3128730.3,1786.8667,1786.8667,1786.8667,ok,125.0,85.378638,28.275224,1870.8,0.66,10.32,83.96924,junction,ok,185.0,85.375666,28.274586,1861.5,1.39,21.23,74.67786,junction;no-change-in-run,,0,310.0,1485.2,11.30,,,,,,,,,,,1.00,1,0,75.0,175.0,0.00,0.00,,,0,0,,,1,1,0
main,22.50,s2chg,340861.7,3128730.3,1786.8667,1786.8667,1786.8667,ok,125.0,85.378638,28.275224,1870.8,0.66,10.32,83.96924,junction,ok,185.0,85.375666,28.274586,1861.5,1.39,21.23,74.67786,junction;no-change-in-run,,0,310.0,1485.2,11.30,,,,,,,,,,,1.00,1,0,75.0,175.0,0.00,0.00,,,0,0,,,1,1,0
main,22.50,pelican0827,340861.7,3128730.3,1786.8667,1786.8667,1786.8667,ok,135.8,85.378787,28.275256,1880.9,0.68,3.25,94.03735,junction;capped-by-s2chg,ok,201.8,85.375458,28.274542,1886.3,1.21,4.78,99.482544,junction;capped-by-s2chg,,0,337.5,1485.2,11.30,,,,,,,,,,,1.00,1,1,69.8,74.2,0.00,0.00,,,0,0,,,1,1,0
main,22.50,pelican0901,340861.7,3128730.3,1786.8667,1786.8667,1786.8667,ok,134.2,85.378772,28.275253,1879.9,0.68,3.26,93.022095,junction;capped-by-s2chg,ok,200.2,85.375473,28.274545,1884.6,1.21,4.78,97.71155,junction;capped-by-s2chg,,0,334.5,1485.2,11.30,,,,,,,,,,,1.00,1,1,69.8,74.2,0.00,0.00,,,0,0,,,1,1,0
main,22.60,s2,340880.3,3128632.8,1779.8174,1779.8174,1779.8174,ok,135.0,85.378970,28.274214,1864.9,0.62,9.76,85.12073,junction,ok,175.0,85.375929,28.273930,1867.6,0.92,14.23,87.76709,junction;side-valley,,0,310.0,959.1,17.83,,,,,,,,,,,1.00,1,1,75.0,135.0,0.00,0.00,,,0,0,,,1,1,0
main,22.60,s2chg,340880.3,3128632.8,1779.8174,1779.8174,1779.8174,ok,135.0,85.378970,28.274214,1864.9,0.62,9.76,85.12073,junction,ok,175.0,85.375929,28.273930,1867.6,0.92,14.23,87.76709,junction;side-valley,,0,310.0,959.1,17.83,,,,,,,,,,,1.00,1,1,75.0,135.0,0.00,0.00,,,0,0,,,1,1,0
main,22.60,pelican0827,340880.3,3128632.8,1779.8174,1779.8174,1779.8174,ok,144.8,85.379112,28.274227,1873.7,0.66,3.19,93.86267,junction;capped-by-s2chg,ok,186.8,85.375767,28.273915,1880.0,0.97,4.09,100.18982,junction;side-valley;capped-by-s2chg,,0,331.5,959.1,17.83,,,,,,,,,,,1.00,1,1,80.2,131.2,0.00,0.00,,,0,0,,,1,1,0
main,22.60,pelican0901,340880.3,3128632.8,1779.8174,1779.8174,1779.8174,ok,131.2,85.378975,28.274215,1865.2,0.62,3.07,85.417725,junction,ok,186.8,85.375767,28.273915,1880.0,0.97,4.09,100.18982,junction;side-valley;capped-by-s2chg,,0,318.0,959.1,17.83,,,,,,,,,,,1.00,1,1,80.2,131.2,0.00,0.00,,,0,0,,,1,1,0
main,22.70,s2,340883.4,3128533.6,1777.1136,1777.1136,1777.1136,ok,145.0,85.379124,28.273176,1836.8,0.94,14.43,59.706665,junction,ok,155.0,85.376168,28.273220,1842.3,0.37,5.96,65.16577,junction;side-valley,,0,300.0,1467.6,11.62,,,,,,,,,,,1.00,1,1,85.0,105.0,0.00,0.00,,,0,0,,,1,1,0
main,22.70,s2chg,340883.4,3128533.6,1777.1136,1777.1136,1777.1136,ok,145.0,85.379124,28.273176,1836.8,0.94,14.43,59.706665,junction,ok,155.0,85.376168,28.273220,1842.3,0.37,5.96,65.16577,junction;side-valley,,0,300.0,1467.6,11.62,,,,,,,,,,,1.00,1,1,85.0,105.0,0.00,0.00,,,0,0,,,1,1,0
main,22.70,pelican0827,340883.4,3128533.6,1777.1136,1777.1136,1777.1136,truncated,,,,,,,,junction;capped-by-s2chg,ok,168.8,85.375985,28.273222,1793.7,0.58,7.59,16.55542,junction;side-valley;capped-by-s2chg,,0,,1467.6,11.62,,,,,,,,,,,0.99,,1,,102.8,0.00,0.00,31.50,,,0,,,,0,0
main,22.70,pelican0901,340883.4,3128533.6,1777.1136,1777.1136,1777.1136,ok,150.8,85.379226,28.273174,1846.4,0.98,4.12,69.3302,junction,ok,168.8,85.375985,28.273222,1793.7,0.58,7.59,16.55542,junction;side-valley;capped-by-s2chg,,0,319.5,1467.6,11.62,,,,,,,,,,,1.00,1,1,86.2,102.8,0.00,0.00,,,0,0,,,1,0,0
main,22.80,s2,340869.3,3128435.0,1773.4531,1773.4531,1773.4531,ok,185.0,85.379400,28.272250,1845.3,0.87,13.37,71.85364,junction;side-valley,ok,125.0,85.376344,28.272342,1813.5,1.20,18.35,40.05957,junction,,0,310.0,1909.3,8.80,,,,,,,,,,,1.00,1,1,105.0,75.0,0.00,0.00,,,0,0,,,1,1,0
main,22.80,s2chg,340869.3,3128435.0,1773.4531,1773.4531,1773.4531,ok,185.0,85.379400,28.272250,1845.3,0.87,13.37,71.85364,junction;side-valley,ok,125.0,85.376344,28.272342,1813.5,1.20,18.35,40.05957,junction,,0,310.0,1909.3,8.80,,,,,,,,,,,1.00,1,1,105.0,75.0,0.00,0.00,,,0,0,,,1,1,0
main,22.80,pelican0827,340869.3,3128435.0,1773.4531,1773.4531,1773.4531,ok,195.8,85.379553,28.272245,1856.9,0.81,3.60,83.40552,junction;side-valley;capped-by-s2chg,ok,140.2,85.376146,28.272348,1839.3,1.30,5.03,65.89465,junction,,0,336.0,1909.3,8.80,,,,,,,,,,,1.00,1,1,104.2,78.8,0.00,0.00,,,0,0,,,1,1,0
main,22.80,pelican0901,340869.3,3128435.0,1773.4531,1773.4531,1773.4531,ok,185.2,85.379446,28.272249,1848.9,0.84,3.71,75.483154,junction;side-valley,ok,144.8,85.376100,28.272349,1845.1,1.27,4.96,71.653564,junction;capped-by-s2chg,,0,330.0,1909.3,8.80,,,,,,,,,,,1.00,1,1,104.2,78.8,0.00,0.00,,,0,0,,,1,1,0
main,22.90,s2,340870.5,3128335.9,1768.8108,1768.8108,1768.8108,ok,195.0,85.379527,28.271332,1840.5,0.53,8.29,71.72046,,ok,155.0,85.376065,28.271475,1823.7,0.86,13.27,54.845825,side-valley,71.7,1,350.0,824.9,20.23,L,16.87,15.65,19.75,3.91,37.37,weak,,,0.79,1.00,1,1,75.0,55.0,0.00,0.00,,,0,0,,,1,1,0
main,22.90,s2chg,340870.5,3128335.9,1768.8108,1768.8108,1768.8108,ok,195.0,85.379527,28.271332,1840.5,0.53,8.29,71.72046,,ok,85.0,85.376778,28.271445,1782.5,0.18,3.32,13.679565,side-valley,71.7,1,280.0,824.9,20.23,L,58.0,8.93,40.96,27.64,60.0,strong,6905,240371,2.00,1.00,1,1,75.0,55.0,0.00,0.00,,,0,0,,,1,1,0
main,22.90,pelican0827,340870.5,3128335.9,1768.8108,1768.8108,1768.8108,ok,215.2,85.379777,28.271322,1845.4,0.53,2.82,76.61304,capped-by-s2chg,ok,95.2,85.376630,28.271451,1784.0,0.12,1.77,15.148071,side-valley;capped-by-s2chg;prebare-at-trim,,0,310.5,824.9,20.23,L,61.5,3.33,40.02,28.56,56.0,strong,7698,261894,1.89,1.00,1,1,80.2,50.2,0.00,0.00,,,0,1,,,1,1,0
main,22.90,pelican0901,340870.5,3128335.9,1768.8108,1768.8108,1768.8108,ok,204.8,85.379670,28.271326,1843.2,0.51,2.76,74.35974,,ok,95.2,85.376630,28.271451,1784.0,0.12,1.77,15.148071,side-valley;capped-by-s2chg;prebare-at-trim,74.4,1,300.0,824.9,20.23,L,59.2,3.28,39.96,28.50,56.0,strong,7417,251940,1.91,1.00,1,1,80.2,50.2,0.00,0.00,,,0,1,,,1,1,0
main,23.00,s2,340869.4,3128236.4,1766.085,1766.085,1766.085,ok,155.0,85.379086,28.270211,1847.1,1.48,22.66,80.9928,,ok,175.0,85.375906,28.270855,1821.4,2.02,30.84,55.293823,,68.1,2,330.0,647.8,26.09,L,25.70,38.27,,,,,,,,1.00,1,1,45.00,45.00,0.00,0.00,,,0,0,,,1,1,0
main,23.00,s2chg,340869.4,3128236.4,1766.085,1766.085,1766.085,ok,85.0,85.378391,28.270352,1792.7,0.36,5.85,26.623657,,ok,85.0,85.376801,28.270674,1774.3,0.22,3.86,8.237427,,17.43,2,170.0,647.8,26.09,L,18.39,7.01,26.22,15.13,41.99,strong,2077,46277,2.00,1.00,1,1,45.00,45.00,0.00,0.00,,,0,0,,,1,1,0
main,23.00,pelican0827,340869.4,3128236.4,1766.085,1766.085,1766.085,ok,98.2,85.378565,28.270317,1799.5,0.33,2.28,33.376587,capped-by-s2chg;prebare-at-trim,ok,96.8,85.376642,28.270706,1773.6,0.38,2.43,7.5236816,capped-by-s2chg;prebare-at-trim,,0,195.0,647.8,26.09,L,25.85,3.33,29.03,19.88,42.03,strong,2681,66156,2.05,1.00,1,1,41.25,41.25,0.00,0.00,,,1,1,,,1,1,0
main,23.00,pelican0901,340869.4,3128236.4,1766.085,1766.085,1766.085,ok,98.2,85.378565,28.270317,1799.5,0.33,2.28,33.376587,capped-by-s2chg;prebare-at-trim,ok,96.8,85.376642,28.270706,1773.6,0.38,2.43,7.5236816,capped-by-s2chg;prebare-at-trim,,0,195.0,647.8,26.09,L,25.85,3.33,29.03,19.88,42.03,strong,2681,66156,2.05,1.00,1,1,41.25,41.25,0.00,0.00,,,1,1,,,1,1,0
main,23.10,s2,340832.2,3128147.1,1760.3751,1760.3751,1760.3751,ok,125.0,85.378322,28.269218,1855.6,0.97,14.88,95.22681,,ok,175.0,85.375679,28.270390,1829.2,0.96,14.85,68.82056,,82.0,2,300.0,788.5,21.17,L,26.41,21.02,26.09,8.64,47.66,weak,,,0.92,1.00,1,1,55.0,25.00,0.00,0.00,,,0,0,,,1,1,0
main,23.10,s2chg,340832.2,3128147.1,1760.3751,1760.3751,1760.3751,ok,125.0,85.378322,28.269218,1855.6,0.97,14.88,95.22681,,ok,45.00,85.376864,28.269865,1777.8,0.18,3.28,17.396729,,56.3,2,170.0,788.5,21.17,L,77.8,15.24,59.5,39.16,88.7,weak,,,2.53,1.00,1,1,55.0,25.00,0.00,0.00,,,0,0,,,1,1,0
main,23.10,pelican0827,340832.2,3128147.1,1760.3751,1760.3751,1760.3751,ok,138.8,85.378486,28.269146,1871.8,0.83,3.66,111.45886,capped-by-s2chg,ok,62.2,85.376668,28.269951,1777.1,0.02,1.55,16.724487,capped-by-s2chg;prebare-at-trim,,0,201.0,788.5,21.17,L,94.7,3.97,60.4,43.37,84.0,strong,10484,538058,2.41,1.00,1,1,53.2,24.75,0.00,0.00,,,0,1,,,1,1,0
main,23.10,pelican0901,340832.2,3128147.1,1760.3751,1760.3751,1760.3751,ok,123.8,85.378349,28.269206,1858.4,0.96,4.06,98.01245,,ok,62.2,85.376668,28.269951,1777.1,0.02,1.55,16.724487,capped-by-s2chg;prebare-at-trim,98.0,1,186.0,788.5,21.17,L,81.3,4.34,58.1,41.51,81.3,strong,8818,435764,2.45,1.00,1,1,53.2,24.75,0.00,0.00,,,0,1,,,1,1,0
main,23.20,s2,340764.0,3128074.2,1753.853,1753.853,1753.853,ok,185.0,85.378145,28.268245,1856.5,0.88,13.58,102.63318,side-valley,ok,85.0,85.375831,28.269389,1824.5,0.84,12.93,70.62109,,70.6,1,270.0,10277.1,1.60,,,,,,,,,,,1.00,1,1,45.00,35.00,0.00,0.00,,,0,0,,,1,1,0
main,23.20,s2chg,340764.0,3128074.2,1753.853,1753.853,1753.853,ok,125.0,85.377611,28.268509,1820.9,0.15,2.94,67.0354,side-valley,ok,85.0,85.375831,28.269389,1824.5,0.84,12.93,70.62109,,70.6,1,210.0,10277.1,1.60,,,,,,,,,,,1.00,1,1,45.00,35.00,0.00,0.00,,,0,0,,,1,1,0
main,23.20,pelican0827,340764.0,3128074.2,1753.853,1753.853,1753.853,ok,143.2,85.377812,28.268410,1830.7,0.53,2.84,76.80615,side-valley;capped-by-s2chg;prebare-at-trim,ok,99.8,85.375662,28.269472,1834.4,0.57,2.94,80.589355,capped-by-s2chg,,0,243.0,10277.1,1.60,,,,,,,,,,,1.00,1,1,41.25,39.75,0.00,0.00,,,1,0,,,1,1,0
main,23.20,pelican0901,340764.0,3128074.2,1753.853,1753.853,1753.853,ok,143.2,85.377812,28.268410,1830.7,0.53,2.84,76.80615,side-valley;capped-by-s2chg;prebare-at-trim,ok,96.8,85.375689,28.269459,1833.2,0.54,2.84,79.35266,,79.4,1,240.0,10277.1,1.60,,,,,,,,,,,1.00,1,1,41.25,39.75,0.00,0.00,,,1,0,,,1,1,0
main,23.30,s2,340731.1,3127984.5,1751.4434,1751.4434,1751.4434,ok,145.0,85.377546,28.267755,1828.2,1.17,18.00,76.80029,side-valley,ok,95.0,85.375369,28.268525,1820.2,0.91,16.60,68.72156,,68.7,1,240.0,4034.2,4.03,,,,,,,,,,,1.00,1,1,35.00,55.0,0.00,0.00,,,0,0,,,1,0,0
main,23.30,s2chg,340731.1,3127984.5,1751.4434,1751.4434,1751.4434,ok,145.0,85.377546,28.267755,1828.2,1.17,18.00,76.80029,side-valley,ok,95.0,85.375369,28.268525,1820.2,0.91,16.60,68.72156,,68.7,1,240.0,4034.2,4.03,,,,,,,,,,,1.00,1,1,35.00,55.0,0.00,0.00,,,0,0,,,1,0,0
main,23.30,pelican0827,340731.1,3127984.5,1751.4434,1751.4434,1751.4434,ok,156.8,85.377697,28.267702,1877.2,1.33,12.33,125.78113,side-valley;capped-by-s2chg,truncated,,,,,,,,capped-by-s2chg,,0,,4034.2,4.03,,,,,,,,,,,0.98,1,,30.75,,0.00,0.00,,76.5,0,,,,0,,0
main,23.30,pelican0901,340731.1,3127984.5,1751.4434,1751.4434,1751.4434,ok,156.8,85.377697,28.267702,1877.2,1.33,12.33,125.78113,side-valley;capped-by-s2chg,ok,104.2,85.375241,28.268570,1833.7,0.94,9.85,82.22412,,82.2,1,261.0,4034.2,4.03,,,,,,,,,,,1.00,1,1,30.75,54.8,0.00,0.00,,,0,0,,,0,0,0
main,23.40,s2,340694.1,3127893.0,1745.851,1745.851,1745.851,ok,135.0,85.377078,28.266940,1842.1,1.95,29.73,96.24158,side-valley,ok,65.0,85.375292,28.267603,1825.5,0.63,9.91,79.604614,side-valley,,0,200.0,1020.2,15.96,L,16.64,31.34,,,,,,,,1.00,1,1,65.0,25.00,0.00,0.00,,,0,0,,,1,1,0
main,23.40,s2chg,340694.1,3127893.0,1745.851,1745.851,1745.851,ok,135.0,85.377078,28.266940,1842.1,1.95,29.73,96.24158,side-valley,ok,65.0,85.375292,28.267603,1825.5,0.63,9.91,79.604614,side-valley,,0,200.0,1020.2,15.96,L,16.64,31.34,,,,,,,,1.00,1,1,65.0,25.00,0.00,0.00,,,0,0,,,1,1,0
main,23.40,pelican0827,340694.1,3127893.0,1745.851,1745.851,1745.851,ok,147.8,85.377238,28.266880,1854.0,0.65,3.17,108.14868,side-valley;capped-by-s2chg,ok,83.2,85.375081,28.267681,1836.5,0.98,4.10,90.615845,side-valley;capped-by-s2chg,,0,231.0,1020.2,15.96,L,17.53,5.19,27.56,16.97,42.75,strong,14439,338266,0.88,1.00,1,1,60.8,26.25,0.00,0.00,,,0,0,,,1,1,0
main,23.40,pelican0901,340694.1,3127893.0,1745.851,1745.851,1745.851,ok,144.8,85.377210,28.266891,1852.2,0.63,3.09,106.33716,side-valley,ok,78.8,85.375123,28.267665,1832.3,0.76,3.46,86.4259,side-valley,,0,223.5,1020.2,15.96,L,19.91,4.64,29.86,19.19,45.19,strong,13763,349312,0.97,1.00,1,1,60.8,26.25,0.00,0.00,,,0,0,,,1,1,0
main,23.50,s2,340662.1,3127802.3,1741.9624,1741.9624,1741.9624,ok,305.0,85.377883,28.264829,1823.9,0.70,10.93,81.98694,side-valley,ok,85.0,85.374918,28.267035,1818.1,1.42,21.80,76.18091,side-valley,,0,390.0,530.2,31.83,L,5.81,24.38,,,,,,,,1.00,1,1,55.0,65.0,0.00,0.00,,,0,0,,,1,1,0
main,23.50,s2chg,340662.1,3127802.3,1741.9624,1741.9624,1741.9624,ok,305.0,85.377883,28.264829,1823.9,0.70,10.93,81.98694,side-valley,ok,85.0,85.374918,28.267035,1818.1,1.42,21.80,76.18091,side-valley,,0,390.0,530.2,31.83,L,5.81,24.38,,,,,,,,1.00,1,1,55.0,65.0,0.00,0.00,,,0,0,,,1,1,0
main,23.50,pelican0827,340662.1,3127802.3,1741.9624,1741.9624,1741.9624,ok,90.8,85.376244,28.266048,1776.1,0.35,2.35,34.0907,side-valley;capped-by-s2chg,ok,96.8,85.374793,28.267128,1823.6,0.24,2.06,81.63208,side-valley;capped-by-s2chg,,0,187.5,530.2,31.83,L,-47.54,3.12,,,,,,,,1.00,1,1,50.2,68.2,0.00,0.00,,,0,0,,,1,1,0
main,23.50,pelican0901,340662.1,3127802.3,1741.9624,1741.9624,1741.9624,truncated,,,,,,,,side-valley;capped-by-s2chg,ok,96.8,85.374793,28.267128,1823.6,0.24,2.06,81.63208,side-valley;capped-by-s2chg,,0,,530.2,31.83,,,,,,,,,,,1.00,,1,,68.2,0.00,0.00,81.0,,,0,,,,1,0
main,23.60,s2,340579.4,3127749.1,1737.3394,1737.3394,1737.3394,ok,265.0,85.376476,28.264335,1842.4,0.74,11.43,105.02075,side-valley,ok,95.0,85.374094,28.266686,1804.9,0.69,10.73,67.551025,,67.6,1,360.0,1038.9,15.68,L,37.47,15.67,32.57,18.23,52.9,strong,15171,419995,1.12,1.00,1,1,45.00,55.0,0.00,0.00,,,0,0,,,1,1,0
main,23.60,s2chg,340579.4,3127749.1,1737.3394,1737.3394,1737.3394,ok,265.0,85.376476,28.264335,1842.4,0.74,11.43,105.02075,side-valley,ok,95.0,85.374094,28.266686,1804.9,0.69,10.73,67.551025,,67.6,1,360.0,1038.9,15.68,L,37.47,15.67,32.57,18.23,52.9,strong,15171,419995,1.12,1.00,1,1,45.00,55.0,0.00,0.00,,,0,0,,,1,1,0
main,23.60,pelican0827,340579.4,3127749.1,1737.3394,1737.3394,1737.3394,ok,107.2,85.375431,28.265366,1782.9,0.03,1.56,45.600952,side-valley;capped-by-s2chg;prebare-at-trim,ok,108.8,85.373972,28.266807,1814.9,0.74,3.40,77.557495,capped-by-s2chg,,0,216.0,1038.9,15.68,L,-31.96,3.74,,,,,,,,1.00,1,1,45.75,54.8,0.00,0.00,,,1,0,,,1,1,0
main,23.60,pelican0901,340579.4,3127749.1,1737.3394,1737.3394,1737.3394,ok,107.2,85.375431,28.265366,1782.9,0.03,1.56,45.600952,side-valley;capped-by-s2chg;prebare-at-trim,ok,93.8,85.374074,28.266707,1806.6,0.69,3.27,69.227295,,69.2,1,201.0,1038.9,15.68,L,-23.63,3.62,,,,,,,,1.00,1,1,45.75,54.8,0.00,0.00,,,1,0,,,1,1,0
main,23.70,s2,340500.0,3127695.2,1735.1035,1735.1035,1735.1035,ok,225.0,85.375223,28.263979,1838.2,0.75,11.57,103.06604,side-valley,ok,105.0,85.373305,28.266315,1820.1,2.38,36.18,84.95178,,85.0,1,330.0,938.6,16.54,R,-18.11,37.99,,,,,,,,1.00,1,1,55.0,15.00,0.00,0.00,,,0,0,,,1,1,0
main,23.70,s2chg,340500.0,3127695.2,1735.1035,1735.1035,1735.1035,ok,95.0,85.374444,28.264928,1777.7,0.16,3.02,42.63794,side-valley,ok,105.0,85.373305,28.266315,1820.1,2.38,36.18,84.95178,,85.0,1,200.0,938.6,16.54,R,42.31,36.31,44.14,12.20,82.0,weak,,,1.76,1.00,1,1,55.0,15.00,0.00,0.00,,,0,0,,,1,1,0
main,23.70,pelican0827,340500.0,3127695.2,1735.1035,1735.1035,1735.1035,ok,107.2,85.374542,28.264807,1779.0,0.11,1.73,43.918457,side-valley;capped-by-s2chg;prebare-at-trim,ok,119.2,85.373194,28.266450,1849.9,1.45,5.48,114.79138,capped-by-s2chg,,0,226.5,938.6,16.54,R,70.9,5.74,53.7,37.76,76.1,strong,14226,649023,1.92,1.00,1,1,51.8,18.75,0.00,0.00,,,1,0,,,1,1,0
main,23.70,pelican0901,340500.0,3127695.2,1735.1035,1735.1035,1735.1035,ok,107.2,85.374542,28.264807,1779.0,0.11,1.73,43.918457,side-valley;capped-by-s2chg;prebare-at-trim,ok,104.2,85.373284,28.266340,1828.8,1.63,6.01,93.67578,,93.7,1,211.5,938.6,16.54,R,49.76,6.26,46.54,31.93,67.3,strong,11261,445488,1.79,1.00,1,1,51.8,18.75,0.00,0.00,,,1,0,,,1,1,0
main,23.80,s2,340431.6,3127624.5,1731.6516,1731.6516,1731.6516,ok,215.0,85.374918,28.263789,1830.8,0.92,14.17,99.11072,,ok,85.0,85.372569,28.265377,1786.4,3.01,45.84,54.791992,,77.0,2,300.0,382.0,42.32,R,-44.32,47.98,,,,,,,,1.00,1,1,35.00,45.00,0.00,0.00,,,0,0,,,1,1,0
main,23.80,s2chg,340431.6,3127624.5,1731.6516,1731.6516,1731.6516,ok,85.0,85.373865,28.264501,1773.8,0.12,2.56,42.160034,,ok,85.0,85.372569,28.265377,1786.4,3.01,45.84,54.791992,,48.48,2,170.0,382.0,42.32,R,12.63,45.91,,,,,,,,1.00,1,1,35.00,45.00,0.00,0.00,,,0,0,,,1,1,0
main,23.80,pelican0827,340431.6,3127624.5,1731.6516,1731.6516,1731.6516,ok,101.2,85.374031,28.264389,1775.7,0.13,1.78,44.0896,capped-by-s2chg;prebare-at-trim,ok,104.2,85.372379,28.265506,1862.4,1.16,4.62,130.70422,capped-by-s2chg,,0,205.5,382.0,42.32,R,86.6,4.95,39.74,28.32,55.7,weak,,,1.36,1.00,1,1,39.75,39.75,0.00,0.00,,,1,0,,,1,1,0
main,23.80,pelican0901,340431.6,3127624.5,1731.6516,1731.6516,1731.6516,ok,101.2,85.374031,28.264389,1775.7,0.13,1.78,44.0896,capped-by-s2chg;prebare-at-trim,ok,101.2,85.372403,28.265490,1858.9,1.43,5.42,127.22595,,127.2,1,202.5,382.0,42.32,R,83.1,5.70,39.22,27.78,55.3,weak,,,1.35,1.00,1,1,39.75,39.75,0.00,0.00,,,1,0,,,1,1,0
main,23.90,s2,340364.6,3127559.0,1728.1398,1728.1398,1728.1398,ok,235.0,85.374783,28.263726,1820.5,0.96,14.76,92.371216,,ok,65.0,85.371959,28.264499,1810.1,1.53,23.44,81.98035,,87.2,2,300.0,414.4,39.07,R,-10.39,27.70,,,,,,,,1.00,1,1,45.00,5.00,0.00,0.00,,,0,0,,,1,1,0
main,23.90,s2chg,340364.6,3127559.0,1728.1398,1728.1398,1728.1398,ok,105.0,85.373517,28.264073,1769.6,0.20,3.51,41.429688,,ok,65.0,85.371959,28.264499,1810.1,1.53,23.44,81.98035,,61.7,2,170.0,414.4,39.07,R,40.55,23.70,31.14,14.73,53.4,weak,,,1.27,1.00,1,1,45.00,5.00,0.00,0.00,,,0,0,,,1,1,0
main,23.90,pelican0827,340364.6,3127559.0,1728.1398,1728.1398,1728.1398,ok,114.8,85.373653,28.264036,1770.8,0.09,1.69,42.693726,capped-by-s2chg;prebare-at-trim,ok,83.2,85.371740,28.264559,1840.9,1.16,4.63,112.723145,capped-by-s2chg,,0,198.0,414.4,39.07,R,70.0,4.93,37.92,26.83,53.5,strong,11620,374506,1.37,1.00,1,1,47.25,5.25,0.00,0.00,,,1,0,,,1,1,0
main,23.90,pelican0901,340364.6,3127559.0,1728.1398,1728.1398,1728.1398,ok,114.8,85.373653,28.264036,1770.8,0.09,1.69,42.693726,capped-by-s2chg;prebare-at-trim,ok,83.2,85.371740,28.264559,1840.9,1.16,4.63,112.723145,capped-by-s2chg,,0,198.0,414.4,39.07,R,70.0,4.93,37.92,26.83,53.5,strong,11620,374506,1.37,1.00,1,1,47.25,5.25,0.00,0.00,,,1,0,,,1,1,0
main,24.00,s2,340376.9,3127463.1,1725.8856,1725.8856,1725.8856,ok,185.0,85.374509,28.263329,1805.4,1.08,16.54,79.5625,,ok,105.0,85.371667,28.263557,1800.5,1.49,22.80,74.63806,,77.1,2,290.0,2839.2,5.28,L,4.92,28.17,,,,,,,,1.00,1,1,35.00,35.00,0.00,0.00,,,0,0,,,1,1,0
main,24.00,s2chg,340376.9,3127463.1,1725.8856,1725.8856,1725.8856,ok,85.0,85.373494,28.263411,1765.3,0.57,8.95,39.43628,,ok,105.0,85.371667,28.263557,1800.5,1.49,22.80,74.63806,,57.0,2,190.0,2839.2,5.28,L,-35.20,24.49,,,,,,,,1.00,1,1,35.00,35.00,0.00,0.00,,,0,0,,,1,1,0
main,24.00,pelican0827,340376.9,3127463.1,1725.8856,1725.8856,1725.8856,ok,98.2,85.373672,28.263396,1771.9,0.39,2.44,45.980103,capped-by-s2chg;prebare-at-trim,ok,117.8,85.371494,28.263571,1824.9,1.15,4.59,98.96704,capped-by-s2chg,,0,216.0,2839.2,5.28,L,-53.0,5.20,,,,,,,,1.00,1,1,33.75,36.75,0.00,0.00,,,1,0,,,1,1,0
main,24.00,pelican0901,340376.9,3127463.1,1725.8856,1725.8856,1725.8856,ok,98.2,85.373672,28.263396,1771.9,0.39,2.44,45.980103,capped-by-s2chg;prebare-at-trim,ok,122.2,85.371449,28.263575,1829.9,0.93,3.95,103.96838,,104.0,1,220.5,2839.2,5.28,L,-58.0,4.64,,,,,,,,1.00,1,1,33.75,36.75,0.00,0.00,,,1,0,,,1,1,0
main,24.10,s2,340386.2,3127368.2,1722.8362,1722.8362,1722.8362,ok,95.0,85.373658,28.262358,1851.6,1.69,29.10,128.7898,,ok,135.0,85.371536,28.263000,1796.9,1.50,22.98,74.04236,,101.4,2,230.0,418.9,38.64,L,54.7,37.08,31.28,13.04,55.2,weak,,,0.99,1.00,1,1,35.00,45.00,0.00,0.00,,,0,0,,,0,1,0
main,24.10,s2chg,340386.2,3127368.2,1722.8362,1722.8362,1722.8362,ok,95.0,85.373658,28.262358,1851.6,1.69,29.10,128.7898,,ok,135.0,85.371536,28.263000,1796.9,1.50,22.98,74.04236,,101.4,2,230.0,418.9,38.64,L,54.7,37.08,31.28,13.04,55.2,weak,,,0.99,1.00,1,1,35.00,45.00,0.00,0.00,,,0,0,,,0,1,0
main,24.10,pelican0827,340386.2,3127368.2,1722.8362,1722.8362,1722.8362,ok,114.8,85.373889,28.262288,1885.1,1.19,11.47,162.25159,capped-by-s2chg,ok,149.2,85.371357,28.263054,1770.1,1.02,10.35,47.263794,capped-by-s2chg,,0,264.0,418.9,38.64,L,115.0,15.45,42.31,28.89,61.4,weak,,,1.32,1.00,1,1,35.25,48.75,0.00,0.00,,,0,0,,,0,0,0
main,24.10,pelican0901,340386.2,3127368.2,1722.8362,1722.8362,1722.8362,ok,114.8,85.373889,28.262288,1885.1,1.19,11.47,162.25159,capped-by-s2chg,ok,149.2,85.371357,28.263054,1770.1,1.02,10.35,47.263794,capped-by-s2chg,,0,264.0,418.9,38.64,L,115.0,15.45,42.31,28.89,61.4,weak,,,1.32,1.00,1,1,35.25,48.75,0.00,0.00,,,0,0,,,0,0,0
main,24.20,s2,340320.9,3127295.3,1718.4426,1718.4426,1718.4426,ok,125.0,85.373020,28.261209,1830.4,1.36,23.71,111.925415,,ok,115.0,85.371321,28.262639,1796.7,1.52,23.26,78.22534,,95.1,2,240.0,429.8,38.20,L,33.70,33.22,24.33,2.17,46.73,weak,,,0.80,1.00,1,1,85.0,65.0,0.00,0.00,,,0,0,,,0,1,0
main,24.20,s2chg,340320.9,3127295.3,1718.4426,1718.4426,1718.4426,ok,125.0,85.373020,28.261209,1830.4,1.36,23.71,111.925415,,ok,115.0,85.371321,28.262639,1796.7,1.52,23.26,78.22534,,95.1,2,240.0,429.8,38.20,L,33.70,33.22,24.33,2.17,46.73,weak,,,0.80,1.00,1,1,85.0,65.0,0.00,0.00,,,0,0,,,0,1,0
main,24.20,pelican0827,340320.9,3127295.3,1718.4426,1718.4426,1718.4426,ok,140.2,85.373164,28.261088,1852.9,1.40,12.80,134.45874,capped-by-s2chg,ok,128.2,85.371192,28.262747,1781.8,0.83,9.20,63.40271,capped-by-s2chg,,0,268.5,429.8,38.20,L,71.1,15.76,33.40,21.62,50.3,weak,,,1.07,1.00,1,1,83.2,63.8,0.00,0.00,,,0,0,,,0,0,0
main,24.20,pelican0901,340320.9,3127295.3,1718.4426,1718.4426,1718.4426,ok,140.2,85.373164,28.261088,1852.9,1.40,12.80,134.45874,capped-by-s2chg,ok,128.2,85.371192,28.262747,1781.8,0.83,9.20,63.40271,capped-by-s2chg,,0,268.5,429.8,38.20,L,71.1,15.76,33.40,21.62,50.3,weak,,,1.07,1.00,1,1,83.2,63.8,0.00,0.00,,,0,0,,,0,0,0
main,24.30,s2,340234.3,3127245.2,1713.1981,1713.1981,1713.1981,ok,175.0,85.372404,28.260342,1858.3,1.11,19.69,145.05554,,ok,55.0,85.370921,28.261831,1771.9,1.57,24.04,58.703857,,101.9,2,230.0,1775.9,9.02,L,86.4,31.08,80.9,47.48,128.5,weak,,,2.56,1.00,1,1,75.0,15.00,0.00,0.00,,,0,0,,,0,1,0
main,24.30,s2chg,340234.3,3127245.2,1713.1981,1713.1981,1713.1981,ok,175.0,85.372404,28.260342,1858.3,1.11,19.69,145.05554,,ok,55.0,85.370921,28.261831,1771.9,1.57,24.04,58.703857,,101.9,2,230.0,1775.9,9.02,L,86.4,31.08,80.9,47.48,128.5,weak,,,2.56,1.00,1,1,75.0,15.00,0.00,0.00,,,0,0,,,0,1,0
main,24.30,pelican0827,340234.3,3127245.2,1713.1981,1713.1981,1713.1981,ok,192.8,85.372553,28.260193,1881.7,1.30,12.15,168.54529,capped-by-s2chg,ok,68.2,85.370804,28.261950,1809.2,1.60,5.92,95.96326,capped-by-s2chg,,0,261.0,1775.9,9.02,L,72.6,13.52,69.6,46.07,103.3,strong,19472,1152026,1.93,1.00,1,1,33.75,18.75,0.00,0.00,,,0,0,,,0,1,0
main,24.30,pelican0901,340234.3,3127245.2,1713.1981,1713.1981,1713.1981,ok,185.2,85.372502,28.260244,1872.7,1.13,11.11,159.50012,,ok,68.2,85.370804,28.261950,1809.2,1.60,5.92,95.96326,capped-by-s2chg,159.5,1,253.5,1775.9,9.02,L,63.5,12.59,66.1,43.42,98.6,strong,18341,1030179,1.87,1.00,1,1,33.75,18.75,0.00,0.00,,,0,0,,,0,1,0
main,24.40,s2,340165.4,3127174.1,1709.3505,1709.3505,1709.3505,ok,145.0,85.371598,28.259971,1794.5,1.38,21.08,85.10681,,ok,35.00,85.370344,28.261030,1735.6,0.25,6.69,26.25061,,55.7,2,180.0,3189.1,5.31,,,,,,,,,,,1.00,1,1,95.0,5.00,0.00,0.00,,,0,0,,,1,0,0
main,24.40,s2chg,340165.4,3127174.1,1709.3505,1709.3505,1709.3505,ok,145.0,85.371598,28.259971,1794.5,1.38,21.08,85.10681,,ok,35.00,85.370344,28.261030,1735.6,0.25,6.69,26.25061,,55.7,2,180.0,3189.1,5.31,,,,,,,,,,,1.00,1,1,95.0,5.00,0.00,0.00,,,0,0,,,1,0,0
main,24.40,pelican0827,340165.4,3127174.1,1709.3505,1709.3505,1709.3505,ok,63.8,85.371030,28.260450,1762.6,0.76,8.70,53.212646,capped-by-s2chg;prebare-at-trim;no-change-in-run,ok,51.8,85.370190,28.261160,1799.9,1.07,4.36,90.56775,capped-by-s2chg,,0,115.5,3189.1,5.31,,,,,,,,,,,1.00,0,1,33.75,8.25,0.00,0.00,,,1,0,,,0,1,0
main,24.40,pelican0901,340165.4,3127174.1,1709.3505,1709.3505,1709.3505,ok,63.8,85.371030,28.260450,1762.6,0.76,8.70,53.212646,capped-by-s2chg;prebare-at-trim;no-change-in-run,ok,51.8,85.370190,28.261160,1799.9,1.07,4.36,90.56775,,90.6,1,115.5,3189.1,5.31,,,,,,,,,,,1.00,0,1,33.75,8.25,0.00,0.00,,,1,0,,,0,1,0
main,24.50,s2,340102.9,3127096.3,1710.4626,1709.3505,1709.3505,ok,125.0,85.370877,28.259437,1789.0,1.43,21.82,79.69556,,ok,65.0,85.369471,28.260481,1728.9,0.30,4.98,19.537598,side-valley,79.7,1,190.0,2412.0,6.96,L,60.2,22.39,86.6,50.3,138.2,weak,,,3.92,1.00,1,1,35.00,45.00,0.00,0.00,,,0,0,,,1,1,0
main,24.50,s2chg,340102.9,3127096.3,1710.4626,1709.3505,1709.3505,ok,125.0,85.370877,28.259437,1789.0,1.43,21.82,79.69556,,ok,65.0,85.369471,28.260481,1728.9,0.30,4.98,19.537598,side-valley,79.7,1,190.0,2412.0,6.96,L,60.2,22.39,86.6,50.3,138.2,weak,,,3.92,1.00,1,1,35.00,45.00,0.00,0.00,,,0,0,,,1,1,0
main,24.50,pelican0827,340102.9,3127096.3,1710.4626,1709.3505,1709.3505,ok,137.2,85.371005,28.259341,1807.4,1.05,4.32,98.09497,,ok,74.2,85.369366,28.260560,1730.0,0.42,6.58,20.684937,side-valley,98.1,1,211.5,2412.0,6.96,L,77.4,7.87,93.1,64.7,133.1,weak,,,3.86,1.00,1,1,35.25,42.75,0.00,0.00,,,0,0,,,1,0,0
main,24.50,pelican0901,340102.9,3127096.3,1710.4626,1709.3505,1709.3505,ok,138.8,85.371017,28.259333,1808.7,1.04,4.27,99.38379,,ok,84.8,85.369284,28.260620,1734.1,0.53,7.30,24.76355,side-valley;capped-by-s2chg,99.4,1,223.5,2412.0,6.96,L,74.6,8.46,88.9,61.4,127.8,weak,,,3.60,1.00,1,1,35.25,42.75,0.00,0.00,,,0,0,,,1,0,0
main,24.60,s2,340033.8,3127024.3,1709.3103,1709.3103,1709.3103,ok,115.0,85.370000,28.258741,1796.0,1.29,19.78,86.67737,side-valley,ok,115.0,85.368490,28.260209,1709.5,0.50,10.30,0.16442871,side-valley,,0,230.0,645.5,26.22,L,86.5,22.30,48.80,30.85,74.6,strong,6595,273601,2.36,1.00,1,1,55.0,45.00,0.00,0.00,,,0,0,,,1,0,0
main,24.60,s2chg,340033.8,3127024.3,1709.3103,1709.3103,1709.3103,ok,115.0,85.370000,28.258741,1796.0,1.29,19.78,86.67737,side-valley,ok,115.0,85.368490,28.260209,1709.5,0.50,10.30,0.16442871,side-valley,,0,230.0,645.5,26.22,L,86.5,22.30,48.80,30.85,74.6,strong,6595,273601,2.36,1.00,1,1,55.0,45.00,0.00,0.00,,,0,0,,,1,0,0
main,24.60,pelican0827,340033.8,3127024.3,1709.3103,1709.3103,1709.3103,ok,116.2,85.370038,28.258705,1802.9,1.19,4.73,93.576416,side-valley,ok,111.8,85.368483,28.260216,1709.8,0.52,7.19,0.5395508,side-valley,,0,228.0,645.5,26.22,L,93.0,8.60,50.8,35.53,72.4,strong,7323,316401,2.37,1.00,1,1,54.8,47.25,0.00,0.00,,,0,0,,,1,0,0
main,24.60,pelican0901,340033.8,3127024.3,1709.3103,1709.3103,1709.3103,ok,114.8,85.370028,28.258715,1801.1,1.23,4.82,91.74402,side-valley,ok,122.2,85.368411,28.260286,1714.3,0.64,8.00,5.0322266,side-valley,,0,237.0,645.5,26.22,L,86.7,9.34,48.13,33.36,69.0,strong,7589,310485,2.21,1.00,1,1,54.8,47.25,0.00,0.00,,,0,0,,,1,0,0
main,24.70,s2,339961.4,3126958.2,1706.8785,1706.8785,1706.8785,ok,65.0,85.368814,28.258397,1766.9,0.99,15.32,60.04541,no-change-in-run,ok,175.0,85.367672,28.260209,1770.6,1.11,17.02,63.682373,side-valley,,0,240.0,591.5,28.92,L,-3.64,22.90,,,,,,,,1.00,0,1,45.00,95.0,0.00,0.00,,,0,0,,,1,1,0
main,24.70,s2chg,339961.4,3126958.2,1706.8785,1706.8785,1706.8785,ok,65.0,85.368814,28.258397,1766.9,0.99,15.32,60.04541,no-change-in-run,ok,175.0,85.367672,28.260209,1770.6,1.11,17.02,63.682373,side-valley,,0,240.0,591.5,28.92,L,-3.64,22.90,,,,,,,,1.00,0,1,45.00,95.0,0.00,0.00,,,0,0,,,1,1,0
main,24.70,pelican0827,339961.4,3126958.2,1706.8785,1706.8785,1706.8785,ok,71.2,85.368867,28.258314,1775.3,0.78,3.54,68.430664,,truncated,,,,,,,,side-valley;capped-by-s2chg,68.4,1,,591.5,28.92,,,,,,,,,,,1.00,1,,32.25,,0.00,0.00,,30.00,0,,,,1,,0
main,24.70,pelican0901,339961.4,3126958.2,1706.8785,1706.8785,1706.8785,ok,68.2,85.368852,28.258338,1773.1,0.76,3.48,66.19922,,ok,158.2,85.367734,28.260111,1757.4,1.12,4.52,50.505615,side-valley,66.2,1,226.5,591.5,28.92,L,15.69,5.71,20.05,11.74,31.91,strong,9065,154493,0.84,1.00,1,1,32.25,92.2,0.00,0.00,,,0,0,,,1,1,0
main,24.80,s2,339866.3,3126928.0,1703.4473,1703.4473,1703.4473,ok,115.0,85.367906,28.257644,1752.7,0.82,12.67,49.22473,,ok,115.0,85.367197,28.259527,1755.8,1.56,23.92,52.356445,side-valley,49.22,1,230.0,9976.6,1.57,,,,,,,,,,,1.00,1,1,35.00,85.0,0.00,0.00,,,0,0,,,1,1,0
main,24.80,s2chg,339866.3,3126928.0,1703.4473,1703.4473,1703.4473,ok,115.0,85.367906,28.257644,1752.7,0.82,12.67,49.22473,,ok,115.0,85.367197,28.259527,1755.8,1.56,23.92,52.356445,side-valley,49.22,1,230.0,9976.6,1.57,,,,,,,,,,,1.00,1,1,35.00,85.0,0.00,0.00,,,0,0,,,1,1,0
main,24.80,pelican0827,339866.3,3126928.0,1703.4473,1703.4473,1703.4473,ok,119.2,85.367934,28.257571,1758.0,0.78,3.52,54.559204,,truncated,,,,,,,,side-valley;capped-by-s2chg,54.6,1,,9976.6,1.57,,,,,,,,,,,1.00,1,,39.75,,0.00,0.00,,12.00,0,,,,1,,0
main,24.80,pelican0901,339866.3,3126928.0,1703.4473,1703.4473,1703.4473,ok,116.2,85.367924,28.257597,1756.1,0.80,3.58,52.670532,,ok,132.8,85.367126,28.259715,1793.3,1.29,4.99,89.851074,side-valley;capped-by-s2chg,52.7,1,249.0,9976.6,1.57,,,,,,,,,,,1.00,1,1,39.75,86.2,0.00,0.00,,,0,0,,,1,1,0
main,24.90,s2,339766.6,3126918.8,1699.3296,1699.3296,1699.3296,ok,175.0,85.367272,28.257101,1737.4,0.51,8.11,38.025146,,ok,45.00,85.366364,28.258818,1721.4,2.61,39.80,22.08667,side-valley;no-change-in-run,38.03,1,220.0,367.1,44.32,R,-15.94,40.61,,,,,,,,1.00,1,0,105.0,35.00,0.00,0.00,,,0,0,,,1,1,0
main,24.90,s2chg,339766.6,3126918.8,1699.3296,1699.3296,1699.3296,ok,175.0,85.367272,28.257101,1737.4,0.51,8.11,38.025146,,ok,45.00,85.366364,28.258818,1721.4,2.61,39.80,22.08667,side-valley;no-change-in-run,38.03,1,220.0,367.1,44.32,R,-15.94,40.61,,,,,,,,1.00,1,0,105.0,35.00,0.00,0.00,,,0,0,,,1,1,0
main,24.90,pelican0827,339766.6,3126918.8,1699.3296,1699.3296,1699.3296,ok,144.8,85.367159,28.257314,1726.2,0.39,2.43,26.918823,capped-by-s2chg,ok,53.2,85.366310,28.258920,1773.8,3.69,12.16,74.50244,side-valley,,0,198.0,367.1,44.32,R,47.58,12.40,29.42,18.56,45.01,weak,,,1.32,1.00,1,1,105.8,33.75,0.00,0.00,,,0,0,,,1,1,0
main,24.90,pelican0901,339766.6,3126918.8,1699.3296,1699.3296,1699.3296,ok,144.8,85.367159,28.257314,1726.2,0.39,2.43,26.918823,capped-by-s2chg,ok,60.8,85.366277,28.258981,1791.3,2.15,7.56,92.01965,side-valley;capped-by-s2chg,,0,205.5,367.1,44.32,R,65.1,7.94,33.78,23.22,48.76,weak,,,1.40,1.00,1,1,105.8,33.75,0.00,0.00,,,0,0,,,1,1,0
main,25.00,s2,339681.6,3126868.9,1696.0502,1696.0502,1696.0502,ok,195.0,85.367223,28.256998,1737.1,0.48,7.66,41.080322,sharp-bend;side-valley,ok,65.0,85.365189,28.258356,1759.9,1.94,29.52,63.80359,sharp-bend;side-valley,,0,260.0,279.1,63.5,,,,,,,,,,,1.00,1,1,125.0,35.00,0.00,0.00,,,0,0,,,1,1,0
main,25.00,s2chg,339681.6,3126868.9,1696.0502,1696.0502,1696.0502,ok,195.0,85.367223,28.256998,1737.1,0.48,7.66,41.080322,sharp-bend;side-valley,ok,65.0,85.365189,28.258356,1759.9,1.94,29.52,63.80359,sharp-bend;side-valley,,0,260.0,279.1,63.5,,,,,,,,,,,1.00,1,1,125.0,35.00,0.00,0.00,,,0,0,,,1,1,0
main,25.00,pelican0827,339681.6,3126868.9,1696.0502,1696.0502,1696.0502,ok,204.8,85.367337,28.256922,1744.8,0.68,3.25,48.747925,sharp-bend;side-valley,ok,62.2,85.365177,28.258364,1762.8,2.07,7.30,66.767456,sharp-bend;side-valley,,0,267.0,279.1,63.5,,,,,,,,,,,1.00,1,1,125.2,33.75,0.00,0.00,,,0,0,,,1,1,0
main,25.00,pelican0901,339681.6,3126868.9,1696.0502,1696.0502,1696.0502,ok,194.2,85.367252,28.256979,1738.7,0.51,2.76,42.645386,sharp-bend;side-valley,ok,69.8,85.365116,28.258405,1780.5,2.67,9.11,84.40405,sharp-bend;side-valley,,0,264.0,279.1,63.5,,,,,,,,,,,1.00,1,1,125.2,33.75,0.00,0.00,,,0,0,,,1,1,0
main,25.10,s2,339662.9,3126774.7,1694.0925,1694.0925,1694.0925,ok,175.0,85.367177,28.256793,1739.8,0.65,10.10,45.70227,prebare-at-trim,ok,135.0,85.364218,28.257472,1791.5,1.08,16.60,97.44153,side-valley;prebare-at-trim,,0,310.0,365.5,44.42,R,51.7,19.44,24.46,14.18,39.10,weak,,,0.92,1.00,1,1,135.0,65.0,0.00,0.00,,,1,1,,,1,1,0
main,25.10,s2chg,339662.9,3126774.7,1694.0925,1694.0925,1694.0925,ok,165.0,85.367079,28.256816,1733.8,0.67,10.39,39.70105,,ok,125.0,85.364316,28.257450,1780.5,1.56,23.91,86.437744,side-valley,39.70,1,290.0,365.5,44.42,R,46.74,26.07,24.04,11.73,40.89,weak,,,0.97,1.00,1,1,135.0,65.0,0.00,0.00,,,0,0,,,1,1,0
main,25.10,pelican0827,339662.9,3126774.7,1694.0925,1694.0925,1694.0925,ok,177.8,85.367246,28.256777,1744.4,0.74,3.41,50.321655,capped-by-s2chg,ok,140.2,85.364124,28.257494,1794.7,0.85,3.72,100.651,side-valley;capped-by-s2chg,,0,318.0,365.5,44.42,R,50.3,5.05,23.82,16.58,34.06,weak,,,0.88,1.00,1,1,131.2,65.2,0.00,0.00,,,0,0,,,1,1,0
main,25.10,pelican0901,339662.9,3126774.7,1694.0925,1694.0925,1694.0925,ok,177.8,85.367246,28.256777,1744.4,0.74,3.41,50.321655,capped-by-s2chg,ok,126.8,85.364257,28.257463,1788.3,1.35,5.19,94.19263,side-valley,,0,304.5,365.5,44.42,R,43.87,6.22,22.73,15.45,33.10,weak,,,0.85,1.00,1,1,131.2,65.2,0.00,0.00,,,0,0,,,1,1,0
main,25.20,s2,339657.6,3126675.6,1692.6036,1692.6036,1692.6036,ok,165.0,85.367082,28.256134,1749.0,0.80,12.34,56.357788,,ok,125.0,85.364243,28.256395,1756.8,0.76,11.72,64.204346,side-valley,56.4,1,290.0,1046.4,15.50,R,7.85,17.02,,,,,,,,1.00,1,1,65.0,35.00,0.00,0.00,,,0,0,,,1,1,0
main,25.20,s2chg,339657.6,3126675.6,1692.6036,1692.6036,1692.6036,ok,165.0,85.367082,28.256134,1749.0,0.80,12.34,56.357788,,ok,125.0,85.364243,28.256395,1756.8,0.76,11.72,64.204346,side-valley,56.4,1,290.0,1046.4,15.50,R,7.85,17.02,,,,,,,,1.00,1,1,65.0,35.00,0.00,0.00,,,0,0,,,1,1,0
main,25.20,pelican0827,339657.6,3126675.6,1692.6036,1692.6036,1692.6036,ok,159.8,85.367071,28.256135,1748.0,0.78,3.53,55.406006,,ok,143.2,85.364015,28.256416,1781.3,1.27,4.94,88.73596,side-valley;capped-by-s2chg,55.4,1,303.0,1046.4,15.50,R,33.33,6.07,33.60,22.30,49.79,strong,13122,374802,1.26,1.00,1,1,62.2,38.25,0.00,0.00,,,0,0,,,1,1,0
main,25.20,pelican0901,339657.6,3126675.6,1692.6036,1692.6036,1692.6036,ok,162.8,85.367102,28.256132,1750.9,0.83,3.67,58.25525,,ok,143.2,85.364015,28.256416,1781.3,1.27,4.94,88.73596,side-valley;capped-by-s2chg,58.3,1,306.0,1046.4,15.50,R,30.48,6.16,31.98,20.96,47.78,strong,13562,368635,1.19,1.00,1,1,62.2,38.25,0.00,0.00,,,0,0,,,1,1,0
main,25.30,s2,339636.8,3126578.1,1689.1118,1689.1118,1689.1118,ok,195.0,85.367175,28.255139,1744.0,0.25,4.31,54.848022,prebare-at-trim,ok,145.0,85.363851,28.255594,1771.9,0.80,12.43,82.77966,side-valley,,0,340.0,4397.4,3.86,,,,,,,,,,,1.00,1,1,85.0,15.00,0.00,0.00,,,1,0,,,1,1,0
main,25.30,s2chg,339636.8,3126578.1,1689.1118,1689.1118,1689.1118,ok,145.0,85.366671,28.255208,1739.5,0.10,2.29,50.43811,,ok,145.0,85.363851,28.255594,1771.9,0.80,12.43,82.77966,side-valley,50.4,1,290.0,4397.4,3.86,,,,,,,,,,,1.00,1,1,85.0,15.00,0.00,0.00,,,0,0,,,1,1,0
main,25.30,pelican0827,339636.8,3126578.1,1689.1118,1689.1118,1689.1118,truncated,,,,,,,,capped-by-s2chg,ok,155.2,85.363705,28.255614,1783.1,0.85,3.72,93.982666,side-valley,,0,,4397.4,3.86,,,,,,,,,,,1.00,,1,,17.25,0.00,0.00,39.00,,,0,,,,1,0
main,25.30,pelican0901,339636.8,3126578.1,1689.1118,1689.1118,1689.1118,ok,159.8,85.366863,28.255181,1739.9,0.07,1.65,50.81604,capped-by-s2chg;prebare-at-trim,ok,155.2,85.363705,28.255614,1783.1,0.85,3.72,93.982666,side-valley,,0,315.0,4397.4,3.86,,,,,,,,,,,1.00,1,1,84.8,17.25,0.00,0.00,,,1,0,,,1,1,0
main,25.40,s2,339618.5,3126480.2,1686.4893,1686.4893,1686.4893,ok,205.0,85.367116,28.254334,1744.9,0.29,4.87,58.374756,,ok,115.0,85.363973,28.254614,1750.3,0.81,12.47,63.793213,,61.1,2,320.0,7049.5,2.41,,,,,,,,,,,1.00,1,1,85.0,15.00,0.00,0.00,,,0,0,,,1,1,0
main,25.40,s2chg,339618.5,3126480.2,1686.4893,1686.4893,1686.4893,ok,145.0,85.366508,28.254388,1738.8,0.14,2.75,52.298584,,ok,115.0,85.363973,28.254614,1750.3,0.81,12.47,63.793213,,58.0,2,260.0,7049.5,2.41,,,,,,,,,,,1.00,1,1,85.0,15.00,0.00,0.00,,,0,0,,,1,1,0
main,25.40,pelican0827,339618.5,3126480.2,1686.4893,1686.4893,1686.4893,ok,156.8,85.366670,28.254374,1740.2,0.14,1.81,53.69043,capped-by-s2chg;prebare-at-trim,ok,129.8,85.363780,28.254632,1763.3,1.08,4.39,76.777954,,76.8,1,286.5,7049.5,2.41,,,,,,,,,,,1.00,1,1,81.8,18.75,0.00,0.00,,,1,0,,,1,1,0
main,25.40,pelican0901,339618.5,3126480.2,1686.4893,1686.4893,1686.4893,ok,156.8,85.366670,28.254374,1740.2,0.14,1.81,53.69043,capped-by-s2chg;prebare-at-trim,ok,128.2,85.363795,28.254630,1762.0,1.02,4.20,75.506836,,75.5,1,285.0,7049.5,2.41,,,,,,,,,,,1.00,1,1,81.8,18.75,0.00,0.00,,,1,0,,,1,1,0
main,25.50,s2,339612.9,3126380.9,1683.1549,1683.1549,1683.1549,ok,195.0,85.366979,28.253539,1742.7,0.76,11.73,59.587402,,ok,125.0,85.363823,28.253668,1749.9,1.02,15.71,66.77966,,63.2,2,320.0,18018.2,0.94,,,,,,,,,,,1.00,1,1,45.00,35.00,0.00,0.00,,,0,0,,,1,1,0
main,25.50,s2chg,339612.9,3126380.9,1683.1549,1683.1549,1683.1549,ok,85.0,85.365859,28.253585,1728.0,0.13,2.59,44.833862,,ok,125.0,85.363823,28.253668,1749.9,1.02,15.71,66.77966,,55.8,2,210.0,18018.2,0.94,,,,,,,,,,,1.00,1,1,45.00,35.00,0.00,0.00,,,0,0,,,1,1,0
main,25.50,pelican0827,339612.9,3126380.9,1683.1549,1683.1549,1683.1549,ok,102.8,85.366083,28.253576,1730.9,0.25,2.09,47.773315,capped-by-s2chg;prebare-at-trim,ok,123.8,85.363792,28.253669,1753.1,1.08,4.38,69.96582,,70.0,1,226.5,18018.2,0.94,,,,,,,,,,,1.00,1,1,47.25,32.25,0.00,0.00,,,1,0,,,1,1,0
main,25.50,pelican0901,339612.9,3126380.9,1683.1549,1683.1549,1683.1549,ok,102.8,85.366083,28.253576,1730.9,0.25,2.09,47.773315,capped-by-s2chg;prebare-at-trim,ok,132.8,85.363700,28.253673,1763.2,1.15,4.60,80.00122,,80.0,1,235.5,18018.2,0.94,,,,,,,,,,,1.00,1,1,47.25,32.25,0.00,0.00,,,1,0,,,1,1,0
main,25.60,s2,339611.4,3126281.3,1678.3586,1678.3586,1678.3586,ok,205.0,85.367066,28.252498,1746.8,0.51,8.07,68.41272,,ok,125.0,85.363829,28.252852,1747.8,1.17,17.92,69.44092,side-valley,68.4,1,330.0,7193.9,2.33,,,,,,,,,,,1.00,1,1,35.00,65.0,0.00,0.00,,,0,0,,,1,1,0
main,25.60,s2chg,339611.4,3126281.3,1678.3586,1678.3586,1678.3586,ok,95.0,85.365953,28.252620,1723.3,0.20,3.60,44.91516,,ok,125.0,85.363829,28.252852,1747.8,1.17,17.92,69.44092,side-valley,44.92,1,220.0,7193.9,2.33,,,,,,,,,,,1.00,1,1,35.00,65.0,0.00,0.00,,,0,0,,,1,1,0
main,25.60,pelican0827,339611.4,3126281.3,1678.3586,1678.3586,1678.3586,ok,114.8,85.366196,28.252593,1726.8,0.07,1.65,48.41223,capped-by-s2chg;prebare-at-trim,ok,137.2,85.363662,28.252870,1762.9,1.07,4.35,84.576904,side-valley;capped-by-s2chg,,0,252.0,7193.9,2.33,,,,,,,,,,,1.00,1,1,38.25,63.8,0.00,0.00,,,1,0,,,1,1,0
main,25.60,pelican0901,339611.4,3126281.3,1678.3586,1678.3586,1678.3586,ok,114.8,85.366196,28.252593,1726.8,0.07,1.65,48.41223,capped-by-s2chg;prebare-at-trim,ok,137.2,85.363662,28.252870,1762.9,1.07,4.35,84.576904,side-valley;capped-by-s2chg,,0,252.0,7193.9,2.33,,,,,,,,,,,1.00,1,1,38.25,63.8,0.00,0.00,,,1,0,,,1,1,0
main,25.70,s2,339586.8,3126187.1,1674.9165,1674.9165,1674.9165,ok,225.0,85.367040,28.251707,1750.7,0.77,11.90,75.734985,side-valley,ok,125.0,85.363586,28.251954,1745.1,1.26,22.18,70.18262,side-valley,,0,350.0,4110.9,4.03,,,,,,,,,,,1.00,1,1,45.00,45.00,0.00,0.00,,,0,0,,,1,0,0
main,25.70,s2chg,339586.8,3126187.1,1674.9165,1674.9165,1674.9165,ok,115.0,85.365923,28.251787,1708.4,0.39,6.22,33.484253,side-valley,ok,125.0,85.363586,28.251954,1745.1,1.26,22.18,70.18262,side-valley,,0,240.0,4110.9,4.03,,,,,,,,,,,1.00,1,1,45.00,45.00,0.00,0.00,,,0,0,,,1,0,0
main,25.70,pelican0827,339586.8,3126187.1,1674.9165,1674.9165,1674.9165,ok,128.2,85.366101,28.251774,1712.6,0.32,2.27,37.723633,side-valley;capped-by-s2chg;prebare-at-trim,ok,141.8,85.363373,28.251969,1763.6,1.14,11.15,88.644165,side-valley;capped-by-s2chg,,0,270.0,4110.9,4.03,,,,,,,,,,,1.00,1,1,42.75,47.25,0.00,0.00,,,1,0,,,1,0,0
main,25.70,pelican0901,339586.8,3126187.1,1674.9165,1674.9165,1674.9165,ok,128.2,85.366101,28.251774,1712.6,0.32,2.27,37.723633,side-valley;capped-by-s2chg;prebare-at-trim,ok,141.8,85.363373,28.251969,1763.6,1.14,11.15,88.644165,side-valley;capped-by-s2chg,,0,270.0,4110.9,4.03,,,,,,,,,,,1.00,1,1,42.75,47.25,0.00,0.00,,,1,0,,,1,0,0
main,25.80,s2,339573.6,3126090.4,1670.5486,1670.5486,1670.5486,ok,225.0,85.366926,28.250981,1745.5,0.88,13.65,74.99243,side-valley,ok,75.0,85.363971,28.250995,1754.6,0.95,14.67,84.03357,,84.0,1,300.0,2659.1,6.05,L,-9.04,20.04,,,,,,,,1.00,1,1,35.00,25.00,0.00,0.00,,,0,0,,,1,1,0
main,25.80,s2chg,339573.6,3126090.4,1670.5486,1670.5486,1670.5486,ok,75.0,85.365398,28.250988,1679.8,0.13,2.58,9.283325,side-valley,ok,75.0,85.363971,28.250995,1754.6,0.95,14.67,84.03357,,84.0,1,150.0,2659.1,6.05,L,-74.8,14.89,,,,,,,,1.00,1,1,35.00,25.00,0.00,0.00,,,0,0,,,1,1,0
main,25.80,pelican0827,339573.6,3126090.4,1670.5486,1670.5486,1670.5486,ok,90.8,85.365602,28.250987,1684.5,0.29,2.18,13.938721,side-valley;capped-by-s2chg;prebare-at-trim,ok,86.2,85.363813,28.250996,1768.2,1.19,4.72,97.63806,,97.6,1,177.0,2659.1,6.05,L,-83.7,5.20,,,,,,,,1.00,1,1,36.75,23.25,0.00,0.00,,,1,0,,,1,1,0
main,25.80,pelican0901,339573.6,3126090.4,1670.5486,1670.5486,1670.5486,ok,90.8,85.365602,28.250987,1684.5,0.29,2.18,13.938721,side-valley;capped-by-s2chg;prebare-at-trim,ok,89.2,85.363783,28.250996,1771.9,1.25,4.89,101.322876,capped-by-s2chg,,0,180.0,2659.1,6.05,L,-87.4,5.35,,,,,,,,1.00,1,1,36.75,23.25,0.00,0.00,,,1,0,,,1,1,0
main,25.90,s2,339598.6,3125993.9,1669.439,1669.439,1669.439,ok,175.0,85.366674,28.249961,1744.6,1.12,17.19,75.19885,side-valley,ok,95.0,85.364040,28.250210,1741.2,1.11,17.00,71.734375,side-valley,,0,270.0,711.0,23.24,L,3.46,24.18,,,,,,,,1.00,1,1,45.00,35.00,0.00,0.00,,,0,0,,,1,1,0
main,25.90,s2chg,339598.6,3125993.9,1669.439,1669.439,1669.439,ok,95.0,85.365864,28.250038,1691.2,0.63,9.80,21.800415,side-valley,ok,95.0,85.364040,28.250210,1741.2,1.11,17.00,71.734375,side-valley,,0,190.0,711.0,23.24,L,-49.93,19.63,,,,,,,,1.00,1,1,45.00,35.00,0.00,0.00,,,0,0,,,1,1,0
main,25.90,pelican0827,339598.6,3125993.9,1669.439,1669.439,1669.439,ok,107.2,85.366031,28.250022,1701.3,0.82,3.64,31.904175,side-valley;capped-by-s2chg;prebare-at-trim,ok,114.8,85.363797,28.250233,1764.0,0.84,3.69,94.6012,side-valley,,0,222.0,711.0,23.24,L,-62.7,5.18,,,,,,,,1.00,1,1,41.25,38.25,0.00,0.00,,,1,0,,,1,1,0
main,25.90,pelican0901,339598.6,3125993.9,1669.439,1669.439,1669.439,ok,107.2,85.366031,28.250022,1701.3,0.82,3.64,31.904175,side-valley;capped-by-s2chg;prebare-at-trim,ok,114.8,85.363797,28.250233,1764.0,0.84,3.69,94.6012,side-valley;capped-by-s2chg,,0,222.0,711.0,23.24,L,-62.7,5.18,,,,,,,,1.00,1,1,41.25,38.25,0.00,0.00,,,1,0,,,1,1,0
main,26.00,s2,339576.2,3125904.6,1665.317,1665.317,1665.317,ok,155.0,85.366177,28.248862,1758.5,0.92,14.27,93.13513,side-valley,ok,85.0,85.363968,28.249557,1741.5,0.76,11.84,76.194336,side-valley,,0,240.0,669.2,24.88,L,16.94,18.55,,,,,,,,1.00,1,1,35.00,15.00,0.00,0.00,,,0,0,,,1,1,0
main,26.00,s2chg,339576.2,3125904.6,1665.317,1665.317,1665.317,ok,155.0,85.366177,28.248862,1758.5,0.92,14.27,93.13513,side-valley,ok,85.0,85.363968,28.249557,1741.5,0.76,11.84,76.194336,side-valley,,0,240.0,669.2,24.88,L,16.94,18.55,,,,,,,,1.00,1,1,35.00,15.00,0.00,0.00,,,0,0,,,1,1,0
main,26.00,pelican0827,339576.2,3125904.6,1665.317,1665.317,1665.317,ok,149.2,85.366163,28.248867,1756.9,0.93,3.95,91.63037,side-valley,ok,87.8,85.363901,28.249578,1746.9,1.01,4.20,81.53723,side-valley,,0,237.0,669.2,24.88,L,10.09,5.76,16.72,8.04,28.56,weak,,,0.57,1.00,1,1,47.25,17.25,0.00,0.00,,,0,0,,,1,1,0
main,26.00,pelican0901,339576.2,3125904.6,1665.317,1665.317,1665.317,ok,147.8,85.366148,28.248871,1755.4,0.93,3.95,90.12952,side-valley,ok,93.8,85.363843,28.249596,1752.2,1.04,4.29,86.88428,side-valley;capped-by-s2chg,,0,241.5,669.2,24.88,L,3.25,5.83,,,,,,,,1.00,1,1,47.25,17.25,0.00,0.00,,,0,0,,,1,1,0
kyirong,0.00,s2,340820.2,3129072.8,1799.1055,1791.4135,1799.1055,ok,125.0,85.375756,28.278051,1944.7,1.10,16.93,153.32861,side-valley,ok,195.0,85.378916,28.278060,1912.0,1.27,19.51,120.60437,,120.6,1,320.0,,0.00,,,,,,,,,,,1.00,1,1,35.00,65.0,0.00,0.00,,,0,0,,,1,1,0
kyirong,0.00,s2chg,340820.2,3129072.8,1799.1055,1791.4135,1799.1055,ok,125.0,85.375756,28.278051,1944.7,1.10,16.93,153.32861,side-valley,ok,195.0,85.378916,28.278060,1912.0,1.27,19.51,120.60437,,120.6,1,320.0,,0.00,,,,,,,,,,,1.00,1,1,35.00,65.0,0.00,0.00,,,0,0,,,1,1,0
kyirong,0.00,pelican0827,340820.2,3129072.8,1799.1055,1791.4135,1799.1055,ok,135.8,85.375603,28.278051,1963.3,1.43,5.42,171.8512,side-valley;capped-by-s2chg,ok,215.2,85.379166,28.278061,1935.7,0.87,3.77,144.27734,capped-by-s2chg,,0,351.0,,0.00,,,,,,,,,,,1.00,1,1,30.75,69.8,0.00,0.00,,,0,0,,,1,1,0
kyirong,0.00,pelican0901,340820.2,3129072.8,1799.1055,1791.4135,1799.1055,ok,135.8,85.375603,28.278051,1963.3,1.43,5.42,171.8512,side-valley;capped-by-s2chg,ok,215.2,85.379166,28.278061,1935.7,0.87,3.77,144.27734,capped-by-s2chg,,0,351.0,,0.00,,,,,,,,,,,1.00,1,1,30.75,69.8,0.00,0.00,,,0,0,,,1,1,0
kyirong,0.10,s2,340837.4,3129169.5,1791.4135,1791.4135,1799.1055,ok,135.0,85.375827,28.278786,1910.7,1.19,18.23,119.253296,,ok,335.0,85.380480,28.279294,1913.1,1.28,22.47,121.67285,,120.5,2,470.0,,0.00,,,,,,,,,,,0.95,1,1,35.00,35.00,0.00,0.00,,,0,0,,,1,0,0
kyirong,0.10,s2chg,340837.4,3129169.5,1791.4135,1791.4135,1799.1055,ok,135.0,85.375827,28.278786,1910.7,1.19,18.23,119.253296,,ok,55.0,85.377648,28.278985,1816.3,0.44,6.98,24.92749,,72.1,2,190.0,,0.00,,,,,,,,,,,0.95,1,1,35.00,35.00,0.00,0.00,,,0,0,,,1,1,0
kyirong,0.10,pelican0827,340837.4,3129169.5,1791.4135,1791.4135,1799.1055,truncated,,,,,,,,capped-by-s2chg,ok,68.2,85.377825,28.279004,1822.2,0.38,2.42,30.831543,capped-by-s2chg;prebare-at-trim,,0,,,0.00,,,,,,,,,,,0.94,,1,,32.25,46.50,24.00,81.0,,,1,,,,1,0
kyirong,0.10,pelican0901,340837.4,3129169.5,1791.4135,1791.4135,1799.1055,ok,153.8,85.375594,28.278760,1940.9,1.44,5.44,149.44495,capped-by-s2chg,ok,68.2,85.377825,28.279004,1822.2,0.38,2.42,30.831543,capped-by-s2chg;prebare-at-trim,,0,222.0,,0.00,,,,,,,,,,,1.00,1,1,38.25,32.25,0.00,0.00,,,0,1,,,1,1,0
kyirong,0.20,s2,340804.3,3129263.8,1806.3984,1805.6417,1806.3984,ok,125.0,85.375596,28.279543,1901.0,1.13,20.03,95.33447,,open,,,,,,,,,95.3,1,,,0.00,,,,,,,,,,,1.00,1,,5.00,,0.00,0.00,,600.0,0,,,,0,,0
kyirong,0.20,s2chg,340804.3,3129263.8,1806.3984,1805.6417,1806.3984,ok,125.0,85.375596,28.279543,1901.0,1.13,20.03,95.33447,,open,,,,,,,,,95.3,1,,,0.00,,,,,,,,,,,1.00,1,,5.00,,0.00,0.00,,600.0,0,,,,0,,0
kyirong,0.20,pelican0827,340804.3,3129263.8,1806.3984,1805.6417,1806.3984,ok,138.8,85.375417,28.279508,1918.0,0.86,9.36,112.32202,,open,,,,,,,,uncapped-s2-open,112.3,1,,,0.00,,,,,,,,,,,1.00,1,,3.75,,0.00,0.00,,600.0,0,,,,0,,0
kyirong,0.20,pelican0901,340804.3,3129263.8,1806.3984,1805.6417,1806.3984,ok,137.2,85.375432,28.279511,1916.7,0.88,9.51,111.10083,,open,,,,,,,,uncapped-s2-open,111.1,1,,,0.00,,,,,,,,,,,1.00,1,,3.75,,0.00,0.00,,600.0,0,,,,0,,0
kyirong,0.30,s2,340787.0,3129361.9,1805.6417,1805.6417,1806.3984,ok,145.0,85.375236,28.280291,1904.4,1.62,24.81,98.724976,,ok,145.0,85.377966,28.281027,1859.7,0.61,9.49,54.053833,,76.4,2,290.0,,0.00,,,,,,,,,,,1.00,1,1,45.00,95.0,0.00,0.00,,,0,0,,,1,1,0
kyirong,0.30,s2chg,340787.0,3129361.9,1805.6417,1805.6417,1806.3984,ok,145.0,85.375236,28.280291,1904.4,1.62,24.81,98.724976,,ok,145.0,85.377966,28.281027,1859.7,0.61,9.49,54.053833,,76.4,2,290.0,,0.00,,,,,,,,,,,1.00,1,1,45.00,95.0,0.00,0.00,,,0,0,,,1,1,0
kyirong,0.30,pelican0827,340787.0,3129361.9,1805.6417,1805.6417,1806.3984,ok,153.8,85.375109,28.280257,1923.5,1.23,4.82,117.82214,,ok,164.2,85.378196,28.281089,1874.3,0.78,3.52,68.65271,capped-by-s2chg,117.8,1,318.0,,0.00,,,,,,,,,,,1.00,1,1,42.75,96.8,0.00,0.00,,,0,0,,,1,1,0
kyirong,0.30,pelican0901,340787.0,3129361.9,1805.6417,1805.6417,1806.3984,ok,149.2,85.375153,28.280269,1917.3,1.42,5.38,111.69348,,ok,159.8,85.378152,28.281077,1870.8,1.17,4.66,65.15173,,88.4,2,309.0,,0.00,,,,,,,,,,,1.00,1,1,42.75,96.8,0.00,0.00,,,0,0,,,1,1,0
kyirong,0.40,s2,340757.2,3129456.7,1807.4713,1806.5955,1807.4713,ok,155.0,85.374874,28.280989,1891.8,0.93,14.36,85.17139,,ok,115.0,85.377320,28.281894,1865.9,1.10,16.94,59.345093,,72.3,2,270.0,,0.00,,,,,,,,,,,1.00,1,1,65.0,55.0,0.00,0.00,,,0,0,,,1,1,0
kyirong,0.40,s2chg,340757.2,3129456.7,1807.4713,1806.5955,1807.4713,ok,155.0,85.374874,28.280989,1891.8,0.93,14.36,85.17139,,ok,115.0,85.377320,28.281894,1865.9,1.10,16.94,59.345093,,72.3,2,270.0,,0.00,,,,,,,,,,,1.00,1,1,65.0,55.0,0.00,0.00,,,0,0,,,1,1,0
kyirong,0.40,pelican0827,340757.2,3129456.7,1807.4713,1806.5955,1807.4713,ok,173.2,85.374663,28.280911,1906.7,0.92,3.93,100.13159,capped-by-s2chg,ok,125.2,85.377456,28.281944,1880.0,0.93,3.96,73.35498,capped-by-s2chg,,0,298.5,,0.00,,,,,,,,,,,1.00,1,1,62.2,56.2,0.00,0.00,,,0,0,,,1,1,0
kyirong,0.40,pelican0901,340757.2,3129456.7,1807.4713,1806.5955,1807.4713,ok,167.2,85.374719,28.280932,1903.8,0.87,3.78,97.2052,,ok,110.2,85.377315,28.281892,1865.4,1.11,4.49,58.84778,,78.0,2,277.5,,0.00,,,,,,,,,,,1.00,1,1,62.2,56.2,0.00,0.00,,,0,0,,,1,1,0
kyirong,0.50,s2,340719.7,3129549.3,1806.5955,1806.5955,1807.4713,ok,135.0,85.374814,28.281658,1882.2,0.96,14.79,75.61792,,ok,95.0,85.376635,28.282816,1867.3,1.57,23.97,60.732788,,68.2,2,230.0,,0.00,,,,,,,,,,,1.00,1,1,65.0,35.00,0.00,0.00,,,0,0,,,1,1,0
kyirong,0.50,s2chg,340719.7,3129549.3,1806.5955,1806.5955,1807.4713,ok,135.0,85.374814,28.281658,1882.2,0.96,14.79,75.61792,,ok,95.0,85.376635,28.282816,1867.3,1.57,23.97,60.732788,,68.2,2,230.0,,0.00,,,,,,,,,,,1.00,1,1,65.0,35.00,0.00,0.00,,,0,0,,,1,1,0
kyirong,0.50,pelican0827,340719.7,3129549.3,1806.5955,1806.5955,1807.4713,ok,152.2,85.374636,28.281545,1904.6,0.95,4.02,98.02588,,ok,113.2,85.376821,28.282934,1886.8,1.11,4.47,80.17297,capped-by-s2chg,98.0,1,265.5,,0.00,,,,,,,,,,,1.00,1,1,60.8,36.75,0.00,0.00,,,0,0,,,1,1,0
kyirong,0.50,pelican0901,340719.7,3129549.3,1806.5955,1806.5955,1807.4713,ok,153.8,85.374623,28.281537,1905.9,0.91,3.90,99.28967,capped-by-s2chg,ok,101.2,85.376722,28.282871,1875.4,0.87,3.78,68.7594,,68.8,1,255.0,,0.00,,,,,,,,,,,1.00,1,1,60.8,36.75,0.00,0.00,,,0,0,,,1,1,0
kyirong,0.60,s2,340648.9,3129620.0,1807.4974,1807.4974,1807.4974,ok,115.0,85.374397,28.282242,1874.7,0.70,10.89,67.24292,,ok,105.0,85.375851,28.283633,1866.7,0.87,16.01,59.222412,,63.2,2,220.0,,0.00,,,,,,,,,,,1.00,1,1,55.0,55.0,0.00,0.00,,,0,0,,,1,0,0
kyirong,0.60,s2chg,340648.9,3129620.0,1807.4974,1807.4974,1807.4974,ok,115.0,85.374397,28.282242,1874.7,0.70,10.89,67.24292,,ok,105.0,85.375851,28.283633,1866.7,0.87,16.01,59.222412,,63.2,2,220.0,,0.00,,,,,,,,,,,1.00,1,1,55.0,55.0,0.00,0.00,,,0,0,,,1,0,0
kyirong,0.60,pelican0827,340648.9,3129620.0,1807.4974,1807.4974,1807.4974,truncated,,,,,,,,capped-by-s2chg,truncated,,,,,,,,capped-by-s2chg,,0,,,0.00,,,,,,,,,,,0.94,,,,,0.00,0.00,0.00,0.00,,,,,,,0
kyirong,0.60,pelican0901,340648.9,3129620.0,1807.4974,1807.4974,1807.4974,ok,119.2,85.374338,28.282186,1880.5,0.76,3.47,73.004395,,ok,102.8,85.375865,28.283647,1868.5,0.90,9.60,60.972656,,67.0,2,222.0,,0.00,,,,,,,,,,,1.00,1,1,56.2,54.8,0.00,0.00,,,0,0,,,1,0,0
kyirong,0.70,s2,340567.4,3129677.5,1809.6783,1809.6783,1809.6783,ok,95.0,85.373788,28.282818,1871.8,0.62,9.71,62.117065,,ok,105.0,85.374910,28.284216,1860.8,0.80,12.36,51.093872,,56.6,2,200.0,,0.00,,,,,,,,,,,1.00,1,1,45.00,55.0,0.00,0.00,,,0,0,,,1,1,0
kyirong,0.70,s2chg,340567.4,3129677.5,1809.6783,1809.6783,1809.6783,ok,95.0,85.373788,28.282818,1871.8,0.62,9.71,62.117065,,ok,105.0,85.374910,28.284216,1860.8,0.80,12.36,51.093872,,56.6,2,200.0,,0.00,,,,,,,,,,,1.00,1,1,45.00,55.0,0.00,0.00,,,0,0,,,1,1,0
kyirong,0.70,pelican0827,340567.4,3129677.5,1809.6783,1809.6783,1809.6783,truncated,,,,,,,,capped-by-s2chg,truncated,,,,,,,,capped-by-s2chg,,0,,,0.00,,,,,,,,,,,0.94,,,,,30.00,42.00,30.00,45.00,,,,,,,0
kyirong,0.70,pelican0901,340567.4,3129677.5,1809.6783,1809.6783,1809.6783,ok,98.2,85.373744,28.282763,1876.6,0.71,3.33,66.88953,,ok,111.8,85.374975,28.284297,1868.6,0.74,3.41,58.888306,,62.9,2,210.0,,0.00,,,,,,,,,,,1.00,1,1,45.75,53.2,0.00,0.00,,,0,0,,,1,1,0
kyirong,0.80,s2,340484.4,3129733.3,1811.2035,1811.2035,1811.2035,ok,95.0,85.373031,28.283258,1843.5,0.77,14.37,32.343384,,ok,95.0,85.373900,28.284689,1851.2,1.05,18.87,39.973267,,36.16,2,190.0,,0.00,,,,,,,,,,,1.00,1,1,55.0,55.0,0.00,0.00,,,0,0,,,0,0,0
kyirong,0.80,s2chg,340484.4,3129733.3,1811.2035,1811.2035,1811.2035,ok,95.0,85.373031,28.283258,1843.5,0.77,14.37,32.343384,,ok,95.0,85.373900,28.284689,1851.2,1.05,18.87,39.973267,,36.16,2,190.0,,0.00,,,,,,,,,,,1.00,1,1,55.0,55.0,0.00,0.00,,,0,0,,,0,0,0
kyirong,0.80,pelican0827,340484.4,3129733.3,1811.2035,1811.2035,1811.2035,truncated,,,,,,,,capped-by-s2chg,ok,114.8,85.374016,28.284879,1881.5,1.28,12.04,70.28906,capped-by-s2chg,,0,,,0.00,,,,,,,,,,,1.00,,1,,53.2,0.00,0.00,21.00,,,0,,,,0,0
kyirong,0.80,pelican0901,340484.4,3129733.3,1811.2035,1811.2035,1811.2035,ok,99.8,85.372988,28.283186,1851.3,0.97,10.04,40.07483,,ok,114.8,85.374016,28.284879,1881.5,1.28,12.04,70.28906,capped-by-s2chg,40.07,1,214.5,,0.00,,,,,,,,,,,1.00,1,1,50.2,53.2,0.00,0.00,,,0,0,,,0,0,0
kyirong,0.90,s2,340398.0,3129782.8,1812.9476,1812.9476,1812.9476,ok,105.0,85.372103,28.283611,1898.7,2.22,37.49,85.75525,side-valley,ok,95.0,85.373006,28.285128,1857.1,0.99,17.82,44.15979,,44.16,1,200.0,,0.00,,,,,,,,,,,1.00,1,1,35.00,45.00,0.00,0.00,,,0,0,,,0,0,0
kyirong,0.90,s2chg,340398.0,3129782.8,1812.9476,1812.9476,1812.9476,ok,105.0,85.372103,28.283611,1898.7,2.22,37.49,85.75525,side-valley,ok,95.0,85.373006,28.285128,1857.1,0.99,17.82,44.15979,,44.16,1,200.0,,0.00,,,,,,,,,,,1.00,1,1,35.00,45.00,0.00,0.00,,,0,0,,,0,0,0
kyirong,0.90,pelican0827,340398.0,3129782.8,1812.9476,1812.9476,1812.9476,ok,114.8,85.372037,28.283499,1929.3,2.07,17.08,116.35901,side-valley;capped-by-s2chg,truncated,,,,,,,,capped-by-s2chg,,0,,,0.00,,,,,,,,,,,0.95,1,,38.25,,43.50,15.00,,19.50,0,,,,0,,0
kyirong,0.90,pelican0901,340398.0,3129782.8,1812.9476,1812.9476,1812.9476,ok,87.8,85.372165,28.283715,1869.5,1.83,15.53,56.557495,side-valley,ok,104.2,85.373070,28.285236,1872.0,1.21,11.55,59.096436,,59.1,1,192.0,,0.00,,,,,,,,,,,1.00,1,1,38.25,45.75,0.00,0.00,,,0,0,,,0,0,0
kyirong,1.00,s2,340305.4,3129816.8,1814.7954,1814.7954,1814.7954,ok,55.0,85.371409,28.284299,1857.1,1.59,27.38,42.3114,,ok,125.0,85.372160,28.285681,1865.3,0.83,15.40,50.48291,side-valley,42.31,1,180.0,,0.00,,,,,,,,,,,1.00,1,1,15.00,55.0,0.00,0.00,,,0,0,,,0,0,0
kyirong,1.00,s2chg,340305.4,3129816.8,1814.7954,1814.7954,1814.7954,ok,55.0,85.371409,28.284299,1857.1,1.59,27.38,42.3114,,ok,125.0,85.372160,28.285681,1865.3,0.83,15.40,50.48291,side-valley,42.31,1,180.0,,0.00,,,,,,,,,,,1.00,1,1,15.00,55.0,0.00,0.00,,,0,0,,,0,0,0
kyirong,1.00,pelican0827,340305.4,3129816.8,1814.7954,1814.7954,1814.7954,truncated,,,,,,,,capped-by-s2chg,truncated,,,,,,,,side-valley;capped-by-s2chg,,0,,,0.00,,,,,,,,,,,0.86,,,,,,,,,,,,,,,0
kyirong,1.00,pelican0901,340305.4,3129816.8,1814.7954,1814.7954,1814.7954,ok,51.8,85.371405,28.284291,1858.7,1.63,14.25,43.86975,,ok,129.8,85.372200,28.285754,1872.9,0.89,9.57,58.08203,side-valley,43.87,1,181.5,,0.00,,,,,,,,,,,1.00,1,1,12.75,59.2,0.00,0.00,,,0,0,,,0,0,0
kyirong,1.10,s2,340221.8,3129870.9,1816.5946,1816.5946,1816.5946,ok,55.0,85.370560,28.284773,1844.9,0.84,15.53,28.301392,side-valley,ok,105.0,85.371191,28.286005,1861.5,1.28,22.42,44.866455,,44.87,1,160.0,,0.00,,,,,,,,,,,1.00,1,1,5.00,65.0,0.00,0.00,,,0,0,,,0,0,0
kyirong,1.10,s2chg,340221.8,3129870.9,1816.5946,1816.5946,1816.5946,ok,55.0,85.370560,28.284773,1844.9,0.84,15.53,28.301392,side-valley,ok,105.0,85.371191,28.286005,1861.5,1.28,22.42,44.866455,,44.87,1,160.0,,0.00,,,,,,,,,,,1.00,1,1,5.00,65.0,0.00,0.00,,,0,0,,,0,0,0
kyirong,1.10,pelican0827,340221.8,3129870.9,1816.5946,1816.5946,1816.5946,truncated,,,,,,,,side-valley;capped-by-s2chg,truncated,,,,,,,,capped-by-s2chg,,0,,,0.00,,,,,,,,,,,0.90,,,,,48.00,15.00,51.0,22.50,,,,,,,0
kyirong,1.10,pelican0901,340221.8,3129870.9,1816.5946,1816.5946,1816.5946,ok,56.2,85.370536,28.284727,1848.2,0.90,9.59,31.61731,side-valley,ok,117.8,85.371263,28.286145,1885.0,1.46,13.18,68.416504,,68.4,1,174.0,,0.00,,,,,,,,,,,1.00,1,1,0.75,65.2,0.00,0.00,,,0,0,,,0,0,0
kyirong,1.20,s2,340129.9,3129909.2,1819.577,1818.9847,1819.577,ok,55.0,85.369674,28.285088,1852.5,0.68,13.05,33.55835,side-valley,ok,105.0,85.370138,28.286378,1855.4,1.13,20.12,36.420288,,36.42,1,160.0,,0.00,,,,,,,,,,,1.00,1,1,25.00,65.0,0.00,0.00,,,0,0,,,0,0,0
kyirong,1.20,s2chg,340129.9,3129909.2,1819.577,1818.9847,1819.577,ok,55.0,85.369674,28.285088,1852.5,0.68,13.05,33.55835,side-valley,ok,105.0,85.370138,28.286378,1855.4,1.13,20.12,36.420288,,36.42,1,160.0,,0.00,,,,,,,,,,,1.00,1,1,25.00,65.0,0.00,0.00,,,0,0,,,0,0,0
kyirong,1.20,pelican0827,340129.9,3129909.2,1819.577,1818.9847,1819.577,ok,66.8,85.369624,28.284950,1864.2,0.75,8.64,45.175415,side-valley;capped-by-s2chg,truncated,,,,,,,,capped-by-s2chg,,0,,,0.00,,,,,,,,,,,0.95,1,,20.25,,0.00,0.00,,43.50,0,,,,0,,0
kyirong,1.20,pelican0901,340129.9,3129909.2,1819.577,1818.9847,1819.577,ok,53.2,85.369666,28.285066,1854.4,0.69,8.29,35.446777,side-valley,ok,114.8,85.370181,28.286498,1874.0,1.23,11.74,55.05139,,55.1,1,168.0,,0.00,,,,,,,,,,,1.00,1,1,20.25,63.8,0.00,0.00,,,0,0,,,0,0,0
kyirong,1.30,s2,340033.2,3129933.4,1818.9847,1818.9847,1819.577,ok,55.0,85.368726,28.285284,1856.9,0.79,14.78,37.89563,side-valley,ok,105.0,85.369064,28.286605,1871.7,1.31,23.00,52.702393,,52.7,1,160.0,,0.00,,,,,,,,,,,1.00,1,1,15.00,55.0,0.00,0.00,,,0,0,,,0,0,0
kyirong,1.30,s2chg,340033.2,3129933.4,1818.9847,1818.9847,1819.577,ok,55.0,85.368726,28.285284,1856.9,0.79,14.78,37.89563,side-valley,ok,105.0,85.369064,28.286605,1871.7,1.31,23.00,52.702393,,52.7,1,160.0,,0.00,,,,,,,,,,,1.00,1,1,15.00,55.0,0.00,0.00,,,0,0,,,0,0,0
kyirong,1.30,pelican0827,340033.2,3129933.4,1818.9847,1818.9847,1819.577,ok,69.8,85.368684,28.285117,1872.8,0.80,8.95,53.855347,side-valley;capped-by-s2chg,truncated,,,,,,,,capped-by-s2chg,,0,,,0.00,,,,,,,,,,,0.94,1,,14.25,,0.00,0.00,,43.50,0,,,,0,,0
kyirong,1.30,pelican0901,340033.2,3129933.4,1818.9847,1818.9847,1819.577,ok,51.8,85.368724,28.285276,1857.7,0.80,8.97,38.66736,side-valley,ok,117.8,85.369102,28.286754,1892.8,1.36,12.54,73.83362,,73.8,1,169.5,,0.00,,,,,,,,,,,1.00,1,1,14.25,57.8,0.00,0.00,,,0,0,,,0,0,0
kyirong,1.40,s2,339937.6,3129958.9,1824.2169,1824.2169,1824.2169,ok,65.0,85.367819,28.285403,1854.1,0.42,6.77,29.866577,side-valley,ok,75.0,85.367909,28.286573,1873.8,1.12,19.94,49.611572,,49.61,1,140.0,,0.00,,,,,,,,,,,1.00,1,1,25.00,45.00,0.00,0.00,,,0,0,,,1,0,0
kyirong,1.40,s2chg,339937.6,3129958.9,1824.2169,1824.2169,1824.2169,ok,65.0,85.367819,28.285403,1854.1,0.42,6.77,29.866577,side-valley,ok,75.0,85.367909,28.286573,1873.8,1.12,19.94,49.611572,,49.61,1,140.0,,0.00,,,,,,,,,,,1.00,1,1,25.00,45.00,0.00,0.00,,,0,0,,,1,0,0
kyirong,1.40,pelican0827,339937.6,3129958.9,1824.2169,1824.2169,1824.2169,ok,84.8,85.367803,28.285187,1898.1,0.96,4.04,73.930664,side-valley;capped-by-s2chg,ok,75.8,85.367913,28.286618,1881.1,1.14,11.12,56.899292,,56.9,1,160.5,,0.00,,,,,,,,,,,1.00,1,1,29.25,41.25,0.00,0.00,,,0,0,,,1,0,0
kyirong,1.40,pelican0901,339937.6,3129958.9,1824.2169,1824.2169,1824.2169,ok,72.8,85.367811,28.285295,1864.6,0.86,3.77,40.415283,side-valley,ok,78.8,85.367915,28.286645,1885.5,1.15,11.18,61.280273,,61.3,1,151.5,,0.00,,,,,,,,,,,1.00,1,1,29.25,41.25,0.00,0.00,,,0,0,,,1,0,0
kyirong,1.50,s2,339839.1,3129954.6,1826.2186,1826.2186,1826.2186,ok,55.0,85.366855,28.285441,1860.1,0.83,15.41,33.84082,,ok,85.0,85.366863,28.286614,1873.8,1.14,20.22,47.575195,,40.71,2,140.0,,0.00,,,,,,,,,,,0.92,1,1,15.00,45.00,0.00,0.00,,,0,0,,,0,0,0
kyirong,1.50,s2chg,339839.1,3129954.6,1826.2186,1826.2186,1826.2186,ok,55.0,85.366855,28.285441,1860.1,0.83,15.41,33.84082,,ok,85.0,85.366863,28.286614,1873.8,1.14,20.22,47.575195,,40.71,2,140.0,,0.00,,,,,,,,,,,0.92,1,1,15.00,45.00,0.00,0.00,,,0,0,,,0,0,0
kyirong,1.50,pelican0827,339839.1,3129954.6,1826.2186,1826.2186,1826.2186,ok,69.8,85.366854,28.285269,1872.4,1.18,11.41,46.214478,capped-by-s2chg,ok,99.8,85.366865,28.286785,1896.8,1.30,12.16,70.56555,capped-by-s2chg,,0,169.5,,0.00,,,,,,,,,,,1.00,1,1,14.25,42.75,0.00,0.00,,,0,0,,,0,0,0
kyirong,1.50,pelican0901,339839.1,3129954.6,1826.2186,1826.2186,1826.2186,ok,50.2,85.366855,28.285445,1859.8,0.83,9.14,33.541016,,ok,84.8,85.366864,28.286650,1878.3,1.18,11.38,52.125977,,42.83,2,135.0,,0.00,,,,,,,,,,,1.00,1,1,14.25,42.75,0.00,0.00,,,0,0,,,0,0,0
