# Mapped avalanche path, Huang, Wang & Chen, far-field force inversion archive, Zenodo 10.5281/zenodo.22884627, data/derived/lhende_valley_path.npz, CC BY 4.0. Projected here to EPSG:32645 with rasterio/PROJ. elev is their GLO-30 sample (EGM2008), not ellipsoidal.
# x_utm45,y_utm45,elev_glo30_m,dist_m
355760.1,3129866.8,5181.3,0.0
355732.4,3129836.4,5154.5,41.1
355704.8,3129805.9,5126.9,82.2
355677.2,3129775.5,5105.4,123.3
355649.6,3129745.0,5095.9,164.4
355622.0,3129714.6,5061.4,205.6
355594.3,3129684.1,5007.0,246.7
355566.7,3129653.7,4979.2,287.8
355539.5,3129654.0,4952.1,315.0
355512.2,3129654.4,4934.9,342.3
355485.0,3129654.7,4925.9,369.5
355457.7,3129655.0,4922.0,396.8
355430.5,3129655.4,4913.2,424.0
355403.3,3129655.7,4892.0,451.3
355376.0,3129656.0,4875.4,478.5
355348.8,3129656.3,4863.9,505.7
355321.5,3129656.7,4849.6,533.0
355294.3,3129657.0,4834.9,560.2
355267.0,3129657.3,4810.9,587.5
355239.8,3129657.7,4791.3,614.7
355212.5,3129658.0,4777.0,642.0
355185.3,3129658.3,4750.8,669.2
355158.1,3129658.7,4731.7,696.5
355130.8,3129659.0,4714.4,723.7
355103.6,3129659.3,4693.0,751.0
355076.3,3129659.7,4672.5,778.2
355049.1,3129660.0,4632.8,805.5
355021.8,3129660.3,4572.8,832.7
354995.0,3129691.5,4507.3,873.8
354967.7,3129691.8,4465.6,901.1
354940.5,3129692.1,4419.8,928.3
354913.2,3129692.5,4363.1,955.6
354886.0,3129692.8,4318.5,982.8
354858.7,3129693.1,4301.6,1010.1
354831.1,3129662.7,4276.5,1051.2
354803.9,3129663.0,4259.9,1078.4
354776.6,3129663.3,4243.0,1105.7
354749.4,3129663.7,4226.4,1132.9
354722.1,3129664.0,4215.6,1160.1
354694.9,3129664.3,4209.2,1187.4
354667.6,3129664.7,4189.3,1214.6
354640.4,3129665.0,4165.6,1241.9
354613.2,3129665.3,4150.1,1269.1
354585.9,3129665.7,4135.2,1296.4
354558.7,3129666.0,4115.7,1323.6
354531.4,3129666.3,4102.0,1350.9
354504.2,3129666.7,4088.2,1378.1
354476.9,3129667.0,4074.3,1405.4
354449.7,3129667.4,4060.5,1432.6
354422.4,3129667.7,4046.0,1459.9
354395.2,3129668.0,4031.7,1487.1
354368.0,3129668.4,4021.7,1514.4
354341.1,3129699.5,4014.4,1555.5
354314.2,3129730.6,4006.0,1596.6
354314.6,3129761.4,3999.9,1627.4
354287.7,3129792.5,3992.2,1668.5
354260.9,3129823.6,3983.9,1709.6
354234.0,3129854.7,3977.7,1750.7
354207.1,3129885.8,3969.9,1791.8
354180.3,3129916.9,3963.6,1832.9
354153.4,3129948.0,3956.5,1874.0
354126.5,3129979.2,3935.1,1915.1
354099.7,3130010.3,3910.1,1956.2
354072.8,3130041.4,3877.6,1997.4
354073.2,3130072.2,3842.7,2028.1
354073.6,3130102.9,3815.6,2058.9
354073.9,3130133.7,3799.9,2089.7
354074.3,3130164.5,3788.2,2120.5
354047.5,3130195.6,3773.9,2161.6
354047.8,3130226.4,3765.0,2192.4
354048.2,3130257.2,3756.3,2223.2
354048.6,3130287.9,3749.6,2254.0
354049.0,3130318.7,3740.4,2284.7
354049.4,3130349.5,3732.7,2315.5
354049.7,3130380.3,3730.4,2346.3
354050.1,3130411.0,3723.1,2377.1
354050.5,3130441.8,3714.7,2407.9
354050.9,3130472.6,3709.5,2438.7
354051.3,3130503.4,3705.8,2469.4
354051.6,3130534.2,3705.2,2500.2
354079.3,3130564.6,3704.6,2541.3
354079.6,3130595.4,3699.4,2572.1
354052.8,3130626.5,3695.8,2613.2
354053.1,3130657.3,3693.1,2644.0
354053.5,3130688.0,3689.9,2674.8
354026.7,3130719.2,3685.5,2715.9
353999.8,3130750.3,3676.4,2757.0
353972.9,3130781.4,3662.6,2798.1
353946.1,3130812.5,3654.4,2839.2
353919.2,3130843.6,3646.6,2880.4
353892.4,3130874.7,3642.7,2921.5
353865.5,3130905.8,3637.2,2962.6
353865.9,3130936.6,3639.2,2993.4
353839.0,3130967.7,3639.4,3034.5
353812.1,3130998.9,3639.7,3075.6
353785.3,3131030.0,3639.7,3116.7
353758.4,3131061.1,3631.8,3157.8
353731.2,3131061.4,3626.7,3185.1
353704.3,3131092.5,3622.7,3226.2
353704.7,3131123.3,3620.3,3256.9
353677.8,3131154.4,3617.1,3298.1
353651.0,3131185.5,3614.5,3339.2
353651.4,3131216.3,3618.1,3370.0
353624.5,3131247.4,3615.2,3411.1
353597.6,3131278.5,3616.3,3452.2
353598.0,3131309.3,3621.5,3483.0
353571.2,3131340.4,3618.8,3524.1
353544.3,3131371.6,3613.6,3565.2
353517.4,3131402.7,3606.9,3606.3
353490.6,3131433.8,3601.8,3647.4
353463.7,3131464.9,3593.5,3688.5
353436.9,3131496.0,3589.4,3729.6
353409.6,3131496.3,3586.7,3756.9
353382.8,3131527.5,3584.3,3798.0
353383.1,3131558.2,3582.7,3828.8
353383.5,3131589.0,3577.3,3859.5
353356.7,3131620.1,3565.3,3900.7
353329.4,3131620.5,3553.8,3927.9
353302.6,3131651.6,3548.2,3969.0
353275.7,3131682.7,3544.0,4010.1
353248.8,3131713.8,3535.7,4051.2
353249.2,3131744.6,3528.6,4082.0
353222.4,3131775.7,3522.3,4123.1
353195.5,3131806.8,3515.4,4164.2
353168.6,3131837.9,3509.7,4205.4
353169.0,3131868.7,3504.5,4236.1
353169.4,3131899.5,3500.5,4266.9
353169.8,3131930.3,3497.4,4297.7
353142.9,3131961.4,3494.4,4338.8
353116.1,3131992.5,3490.7,4379.9
353089.2,3132023.6,3489.0,4421.0
353062.0,3132024.0,3487.8,4448.3
353034.7,3132024.3,3486.8,4475.5
353007.9,3132055.4,3485.1,4516.6
352981.0,3132086.5,3483.7,4557.8
352981.4,3132117.3,3482.6,4588.5
352954.5,3132148.4,3481.1,4629.6
352927.7,3132179.5,3479.4,4670.8
352900.8,3132210.7,3478.2,4711.9
352874.0,3132241.8,3474.4,4753.0
352874.4,3132272.6,3472.3,4783.8
352847.5,3132303.7,3467.7,4824.9
352820.6,3132334.8,3463.0,4866.0
352821.0,3132365.6,3460.5,4896.8
352794.2,3132396.7,3458.0,4937.9
352767.3,3132427.8,3454.1,4979.0
352767.7,3132458.6,3450.3,5009.8
352740.8,3132489.7,3448.3,5050.9
352714.0,3132520.8,3447.0,5092.0
352714.4,3132551.6,3444.8,5122.8
352687.5,3132582.7,3443.4,5163.9
352660.7,3132613.8,3443.2,5205.0
352633.8,3132644.9,3442.4,5246.1
352606.9,3132676.1,3439.9,5287.2
352580.1,3132707.2,3437.3,5328.3
352552.9,3132707.5,3436.2,5355.6
352526.0,3132738.6,3431.4,5396.7
352499.1,3132769.7,3428.6,5437.8
352472.3,3132800.9,3425.2,5478.9
352445.1,3132801.2,3421.4,5506.2
352418.2,3132832.3,3417.1,5547.3
352391.0,3132832.7,3412.4,5574.5
352363.7,3132833.0,3412.7,5601.8
352336.9,3132864.1,3403.5,5642.9
352309.6,3132864.5,3397.8,5670.1
352282.4,3132864.8,3393.2,5697.4
352255.2,3132865.1,3389.7,5724.6
352228.3,3132896.3,3382.8,5765.7
352201.1,3132896.6,3376.9,5793.0
352174.2,3132927.7,3364.9,5834.1
352147.4,3132958.8,3368.4,5875.2
352120.5,3132990.0,3370.4,5916.3
352093.7,3133021.1,3348.5,5957.4
352066.4,3133021.4,3335.6,5984.7
352039.6,3133052.5,3322.8,6025.8
352012.3,3133052.9,3311.1,6053.0
351985.5,3133084.0,3290.8,6094.1
351958.6,3133115.1,3275.5,6135.2
351959.0,3133145.9,3267.3,6166.0
351932.2,3133177.0,3260.3,6207.1
351904.9,3133177.3,3252.4,6234.4
351878.1,3133208.5,3241.0,6275.5
351851.2,3133239.6,3232.0,6316.6
351824.0,3133239.9,3223.7,6343.8
351797.1,3133271.0,3215.1,6385.0
351770.3,3133302.2,3210.4,6426.1
351770.7,3133332.9,3203.5,6456.8
351771.0,3133363.7,3195.4,6487.6
351771.4,3133394.5,3187.9,6518.4
351771.8,3133425.3,3181.0,6549.2
351772.2,3133456.1,3173.2,6580.0
351799.8,3133486.5,3164.5,6621.1
351827.4,3133516.9,3159.4,6662.2
351855.1,3133547.4,3151.5,6703.3
351855.5,3133578.1,3149.2,6734.1
351855.8,3133608.9,3138.4,6764.9
351829.0,3133640.0,3129.5,6806.0
351829.4,3133670.8,3124.9,6836.8
351802.5,3133701.9,3117.1,6877.9
351802.9,3133732.7,3112.5,6908.7
351776.1,3133763.8,3106.2,6949.8
351749.2,3133795.0,3103.2,6990.9
351749.6,3133825.7,3097.2,7021.7
351722.7,3133856.9,3091.1,7062.8
351695.9,3133888.0,3088.5,7103.9
351669.0,3133919.1,3088.6,7145.0
351642.2,3133950.2,3082.9,7186.1
351615.3,3133981.3,3073.2,7227.2
351588.5,3134012.4,3065.7,7268.3
351561.6,3134043.6,3058.4,7309.5
351534.8,3134074.7,3048.9,7350.6
351507.9,3134105.8,3049.2,7391.7
351481.1,3134136.9,3042.2,7432.8
351454.3,3134168.0,3032.1,7473.9
351454.6,3134198.8,3028.5,7504.7
351455.0,3134229.6,3024.8,7535.5
351455.4,3134260.4,3023.3,7566.3
351428.6,3134291.5,3020.4,7607.4
351456.2,3134321.9,3020.3,7648.5
351456.6,3134352.7,3019.0,7679.3
351429.7,3134383.8,3012.1,7720.4
351430.1,3134414.6,3006.3,7751.2
351457.7,3134445.1,2999.3,7792.3
351485.3,3134475.5,2988.6,7833.4
351513.0,3134505.9,2980.2,7874.5
351513.4,3134536.7,2972.9,7905.3
351513.7,3134567.5,2965.0,7936.1
351514.1,3134598.3,2957.7,7966.8
351514.5,3134629.0,2954.0,7997.6
351542.1,3134659.5,2945.7,8038.7
351542.5,3134690.3,2940.6,8069.5
351542.9,3134721.0,2937.8,8100.3
351543.3,3134751.8,2933.9,8131.1
351543.7,3134782.6,2928.5,8161.9
351571.3,3134813.0,2924.0,8203.0
351571.7,3134843.8,2920.6,8233.8
351572.1,3134874.6,2915.6,8264.5
351545.2,3134905.7,2911.8,8305.7
351518.4,3134936.8,2907.9,8346.8
351491.5,3134967.9,2903.6,8387.9
351464.3,3134968.3,2902.9,8415.1
351437.5,3134999.4,2893.2,8456.2
351410.2,3134999.7,2888.1,8483.5
351383.4,3135030.9,2885.7,8524.6
351356.1,3135031.2,2876.4,8551.8
351328.9,3135031.6,2873.1,8579.1
351301.7,3135031.9,2873.3,8606.3
351274.4,3135032.2,2872.6,8633.6
351246.8,3135001.8,2866.0,8674.7
351219.6,3135002.1,2861.0,8701.9
351192.4,3135002.5,2857.4,8729.2
351165.1,3135002.8,2853.4,8756.4
351137.9,3135003.2,2851.5,8783.7
351110.7,3135003.5,2848.4,8810.9
351083.4,3135003.9,2846.7,8838.2
351056.2,3135004.2,2844.8,8865.4
351029.3,3135035.3,2836.7,8906.5
351002.1,3135035.7,2836.4,8933.8
350974.9,3135036.0,2828.7,8961.0
350947.6,3135036.3,2826.6,8988.3
350920.0,3135005.9,2825.6,9029.4
350892.8,3135006.3,2821.5,9056.6
350865.6,3135006.6,2818.8,9083.9
350838.3,3135006.9,2816.7,9111.1
350811.1,3135007.3,2816.1,9138.4
350783.9,3135007.6,2816.5,9165.6
350756.6,3135008.0,2823.2,9192.9
350729.8,3135039.1,2825.2,9234.0
350702.6,3135039.4,2818.0,9261.2
350675.3,3135039.8,2806.2,9288.5
350648.1,3135040.1,2811.9,9315.7
350620.9,3135040.5,2812.4,9343.0
350593.6,3135040.8,2798.4,9370.2
350566.4,3135041.2,2791.8,9397.4
350539.5,3135072.3,2788.8,9438.6
350512.3,3135072.6,2783.8,9465.8
350485.1,3135073.0,2780.1,9493.1
350457.8,3135073.3,2783.7,9520.3
350430.6,3135073.7,2786.8,9547.5
350403.4,3135074.0,2782.8,9574.8
350376.5,3135105.1,2777.0,9615.9
350349.3,3135105.5,2776.1,9643.2
350322.1,3135105.8,2761.5,9670.4
350294.8,3135106.2,2754.3,9697.6
350267.6,3135106.5,2747.9,9724.9
350240.4,3135106.8,2746.9,9752.1
350213.1,3135107.2,2748.5,9779.4
350185.9,3135107.5,2745.7,9806.6
350158.7,3135107.9,2751.2,9833.9
350131.4,3135108.2,2751.1,9861.1
350104.2,3135108.6,2754.0,9888.4
350077.4,3135139.7,2750.7,9929.5
350050.1,3135140.0,2742.2,9956.7
350022.9,3135140.4,2735.3,9984.0
349996.1,3135171.5,2734.0,10025.1
349968.8,3135171.9,2734.9,10052.3
349942.0,3135203.0,2734.3,10093.4
349915.1,3135234.1,2728.4,10134.6
349888.3,3135265.2,2716.8,10175.7
349861.5,3135296.3,2709.4,10216.8
349834.2,3135296.7,2705.7,10244.0
349807.0,3135297.0,2702.1,10271.3
349779.8,3135297.4,2695.7,10298.5
349752.5,3135297.7,2690.9,10325.8
349725.3,3135298.1,2686.2,10353.0
349698.1,3135298.4,2683.5,10380.3
349670.8,3135298.8,2681.8,10407.5
349644.0,3135329.9,2678.0,10448.6
349616.8,3135330.2,2674.8,10475.9
349589.5,3135330.6,2670.0,10503.1
349562.7,3135361.7,2669.4,10544.2
349535.5,3135362.1,2665.8,10571.5
349508.2,3135362.4,2663.4,10598.7
349481.0,3135362.8,2665.8,10626.0
349453.8,3135363.1,2664.8,10653.2
349426.5,3135363.4,2658.5,10680.4
349399.3,3135363.8,2653.9,10707.7
349372.1,3135364.1,2652.5,10734.9
349344.8,3135364.5,2652.5,10762.2
349318.0,3135395.6,2655.2,10803.3
349290.8,3135396.0,2650.6,10830.5
349263.5,3135396.3,2646.0,10857.8
349236.7,3135427.4,2642.5,10898.9
349209.5,3135427.8,2640.3,10926.1
349182.2,3135428.1,2637.3,10953.4
349155.0,3135428.5,2636.1,10980.6
349127.8,3135428.8,2636.7,11007.9
349100.5,3135429.2,2637.3,11035.1
349073.3,3135429.5,2639.2,11062.4
349046.5,3135460.6,2640.5,11103.5
349019.2,3135461.0,2638.2,11130.7
348992.0,3135461.3,2628.6,11158.0
348964.8,3135461.7,2621.1,11185.2
348937.5,3135462.0,2617.7,11212.5
348910.3,3135462.4,2614.3,11239.7
348883.1,3135462.7,2610.8,11267.0
348855.8,3135463.1,2607.7,11294.2
348828.6,3135463.4,2603.3,11321.5
348801.4,3135463.8,2603.0,11348.7
348774.1,3135464.1,2608.0,11376.0
348746.5,3135433.7,2607.6,11417.1
348719.3,3135434.0,2610.8,11444.3
348691.7,3135403.6,2611.9,11485.4
348664.4,3135404.0,2612.4,11512.7
348637.2,3135404.3,2610.5,11539.9
348610.0,3135404.6,2605.6,11567.2
348582.7,3135405.0,2601.1,11594.4
348555.5,3135405.3,2596.8,11621.7
348528.3,3135405.7,2591.1,11648.9
348501.0,3135406.0,2582.3,11676.2
348473.8,3135406.4,2574.8,11703.4
348446.2,3135376.0,2564.4,11744.5
348418.6,3135345.5,2556.3,11785.6
348391.3,3135345.9,2549.9,11812.9
348363.7,3135315.5,2549.2,11854.0
348336.5,3135315.8,2550.3,11881.2
348309.2,3135316.2,2548.1,11908.5
348282.0,3135316.5,2545.9,11935.7
348254.8,3135316.8,2542.7,11963.0
348227.5,3135317.2,2537.5,11990.2
348200.3,3135317.5,2531.6,12017.5
348173.1,3135317.9,2530.9,12044.7
348145.8,3135318.2,2524.1,12072.0
348118.6,3135318.6,2519.1,12099.2
348091.4,3135318.9,2518.5,12126.4
348064.1,3135319.3,2514.4,12153.7
348036.5,3135288.9,2506.7,12194.8
348009.3,3135289.2,2505.1,12222.1
347982.0,3135289.6,2509.8,12249.3
347954.8,3135289.9,2510.9,12276.5
347927.6,3135290.3,2505.0,12303.8
347900.3,3135290.6,2495.7,12331.0
347873.1,3135291.0,2485.0,12358.3
347845.9,3135291.3,2471.2,12385.5
347818.6,3135291.7,2462.2,12412.8
347791.8,3135322.8,2458.7,12453.9
347764.6,3135323.1,2451.2,12481.1
347737.3,3135323.5,2448.4,12508.4
347710.1,3135323.8,2449.7,12535.6
347682.9,3135324.2,2448.2,12562.9
347655.7,3135324.5,2447.9,12590.1
347628.4,3135324.9,2447.5,12617.4
347601.2,3135325.3,2458.5,12644.6
347574.4,3135356.4,2462.0,12685.7
347547.1,3135356.7,2461.0,12713.0
347519.9,3135357.1,2449.5,12740.2
347492.7,3135357.4,2439.3,12767.5
347465.0,3135327.0,2439.9,12808.6
347437.8,3135327.4,2434.1,12835.8
347410.6,3135327.7,2433.0,12863.1
347383.3,3135328.1,2422.3,12890.3
347356.1,3135328.4,2413.1,12917.6
347328.9,3135328.8,2410.9,12944.8
347301.6,3135329.1,2409.4,12972.1
347274.0,3135298.7,2405.2,13013.2
347246.8,3135299.0,2404.3,13040.4
347219.9,3135330.2,2397.6,13081.5
347192.7,3135330.5,2393.4,13108.8
347165.5,3135330.9,2385.0,13136.0
347138.2,3135331.2,2381.7,13163.3
347111.0,3135331.6,2378.6,13190.5
347083.8,3135331.9,2376.3,13217.8
347056.5,3135332.3,2375.2,13245.0
347029.3,3135332.6,2376.3,13272.2
347001.7,3135302.2,2374.0,13313.4
346974.4,3135302.6,2372.8,13340.6
346947.2,3135302.9,2369.4,13367.9
346920.0,3135303.3,2365.6,13395.1
346892.7,3135303.6,2365.3,13422.3
346865.5,3135304.0,2368.9,13449.6
346837.9,3135273.5,2371.7,13490.7
346810.7,3135273.9,2375.6,13518.0
346783.4,3135274.2,2376.1,13545.2
346755.8,3135243.8,2374.3,13586.3
346728.6,3135244.2,2370.5,13613.6
346700.9,3135213.7,2363.7,13654.7
346673.7,3135214.1,2355.8,13681.9
346646.5,3135214.5,2348.4,13709.2
346618.8,3135184.0,2346.7,13750.3
346591.6,3135184.4,2349.8,13777.5
346564.0,3135154.0,2344.2,13818.6
346563.6,3135123.2,2343.6,13849.4
346536.3,3135123.5,2342.3,13876.7
346508.7,3135093.1,2343.5,13917.8
346481.1,3135062.7,2338.5,13958.9
346453.4,3135032.3,2333.2,14000.0
346425.8,3135001.8,2328.6,14041.1
346398.6,3135002.2,2325.1,14068.3
346370.9,3134971.8,2322.2,14109.5
346343.3,3134941.3,2318.4,14150.6
346315.7,3134910.9,2317.5,14191.7
346288.4,3134911.3,2313.9,14218.9
346260.8,3134880.8,2306.8,14260.0
346233.6,3134881.2,2300.5,14287.3
346205.9,3134850.8,2295.1,14328.4
346178.3,3134820.3,2288.6,14369.5
346151.1,3134820.7,2290.6,14396.7
346123.8,3134821.0,2286.1,14424.0
346096.6,3134821.4,2286.6,14451.2
346069.4,3134821.8,2289.8,14478.5
346041.7,3134791.3,2278.7,14519.6
346014.5,3134791.7,2277.5,14546.8
345987.3,3134792.0,2277.8,14574.1
345960.0,3134792.4,2274.9,14601.3
345932.8,3134792.7,2273.1,14628.6
345905.6,3134793.1,2270.1,14655.8
345878.3,3134793.5,2269.5,14683.1
345851.1,3134793.8,2282.1,14710.3
345823.9,3134794.2,2290.3,14737.6
345796.6,3134794.5,2291.1,14764.8
345769.4,3134794.9,2289.4,14792.1
345742.2,3134795.2,2288.2,14819.3
345714.9,3134795.6,2286.5,14846.6
345687.7,3134795.9,2284.5,14873.8
345660.5,3134796.3,2286.2,14901.1
345633.2,3134796.7,2283.2,14928.3
345606.0,3134797.0,2278.8,14955.5
345578.8,3134797.4,2271.1,14982.8
345551.1,3134766.9,2255.5,15023.9
345523.9,3134767.3,2245.5,15051.1
345496.7,3134767.7,2244.3,15078.4
345469.4,3134768.0,2241.0,15105.6
345442.2,3134768.4,2240.8,15132.9
345415.0,3134768.7,2240.9,15160.1
345387.3,3134738.3,2239.9,15201.2
345360.1,3134738.7,2234.3,15228.5
345332.8,3134739.0,2234.8,15255.7
345305.6,3134739.4,2234.3,15283.0
345278.4,3134739.7,2234.8,15310.2
345250.7,3134709.3,2232.1,15351.3
345223.5,3134709.7,2233.7,15378.6
345195.9,3134679.2,2237.8,15419.7
345168.2,3134648.8,2234.6,15460.8
345140.6,3134618.4,2226.5,15501.9
345140.2,3134587.6,2220.9,15532.7
345113.0,3134588.0,2217.1,15560.0
345085.7,3134588.3,2218.3,15587.2
345058.1,3134557.9,2210.8,15628.3
345030.9,3134558.3,2214.1,15655.6
345003.2,3134527.8,2216.1,15696.7
344976.0,3134528.2,2217.4,15723.9
344948.3,3134497.8,2218.2,15765.0
344920.7,3134467.3,2216.1,15806.1
344893.5,3134467.7,2212.5,15833.4
344866.2,3134468.1,2212.2,15860.6
344839.0,3134468.4,2214.0,15887.9
344811.8,3134468.8,2211.3,15915.1
344784.5,3134469.1,2206.0,15942.4
344757.3,3134469.5,2201.9,15969.6
344730.1,3134469.8,2195.7,15996.9
344702.8,3134470.2,2204.1,16024.1
344675.2,3134439.8,2210.9,16065.2
344647.6,3134409.4,2210.7,16106.3
344619.9,3134378.9,2207.2,16147.4
344592.3,3134348.5,2203.8,16188.6
344564.6,3134318.1,2201.6,16229.7
344537.0,3134287.7,2212.2,16270.8
344509.4,3134257.3,2217.5,16311.9
344481.7,3134226.8,2219.3,16353.0
344454.1,3134196.4,2210.6,16394.1
344453.7,3134165.6,2210.9,16424.9
344426.0,3134135.2,2204.9,16466.0
344425.6,3134104.4,2198.5,16496.8
344398.0,3134074.0,2188.7,16537.9
344397.6,3134043.2,2185.4,16568.7
344397.2,3134012.5,2179.1,16599.5
344396.8,3133981.7,2166.9,16630.2
344396.4,3133950.9,2155.9,16661.0
344396.0,3133920.1,2152.7,16691.8
344395.6,3133889.3,2153.8,16722.6
344395.2,3133858.6,2151.1,16753.4
344394.8,3133827.8,2142.1,16784.2
344394.3,3133797.0,2138.2,16815.0
344393.9,3133766.2,2143.9,16845.7
344393.5,3133735.4,2145.5,16876.5
344393.1,3133704.7,2146.2,16907.3
344392.7,3133673.9,2150.7,16938.1
344392.3,3133643.1,2153.4,16968.9
344391.9,3133612.3,2153.5,16999.7
344391.5,3133581.6,2155.3,17030.4
344391.1,3133550.8,2159.4,17061.2
344390.7,3133520.0,2162.6,17092.0
344390.3,3133489.2,2166.3,17122.8
344417.1,3133458.1,2145.8,17163.9
344416.7,3133427.3,2147.8,17194.7
344416.3,3133396.5,2150.0,17225.5
344415.9,3133365.7,2159.3,17256.3
344415.5,3133335.0,2167.6,17287.0
344415.1,3133304.2,2168.1,17317.8
344414.7,3133273.4,2155.5,17348.6
344414.3,3133242.6,2147.7,17379.4
344413.9,3133211.8,2146.8,17410.2
344413.5,3133181.1,2146.1,17441.0
344413.1,3133150.3,2140.8,17471.8
344412.7,3133119.5,2137.9,17502.5
344412.3,3133088.7,2131.7,17533.3
344411.9,3133058.0,2128.2,17564.1
344411.5,3133027.2,2128.4,17594.9
344411.1,3132996.4,2129.7,17625.7
344410.7,3132965.6,2132.8,17656.5
344410.3,3132934.8,2139.0,17687.2
344409.9,3132904.1,2144.6,17718.0
344409.4,3132873.3,2145.0,17748.8
344409.0,3132842.5,2147.9,17779.6
344408.6,3132811.7,2155.4,17810.4
344381.0,3132781.3,2155.3,17851.5
344353.4,3132750.9,2168.9,17892.6
344325.7,3132720.5,2168.9,17933.7
344298.1,3132690.0,2153.5,17974.8
344297.7,3132659.3,2140.9,18005.6
344270.0,3132628.8,2135.2,18046.7
344269.6,3132598.1,2141.6,18077.5
344296.4,3132566.9,2138.7,18118.6
344296.0,3132536.1,2132.0,18149.4
344295.6,3132505.4,2126.3,18180.2
344295.2,3132474.6,2121.4,18211.0
344267.6,3132444.2,2116.2,18252.1
344267.2,3132413.4,2104.6,18282.9
344239.5,3132383.0,2099.7,18324.0
344212.3,3132383.3,2107.7,18351.2
344184.7,3132352.9,2104.2,18392.3
344157.0,3132322.5,2090.6,18433.4
344129.4,3132292.1,2090.9,18474.6
344101.7,3132261.6,2103.1,18515.7
344074.1,3132231.2,2109.0,18556.8
344046.8,3132231.6,2102.7,18584.0
344019.2,3132201.2,2095.7,18625.1
344018.8,3132170.4,2094.1,18655.9
343991.1,3132140.0,2089.9,18697.0
343990.7,3132109.2,2085.2,18727.8
343963.5,3132109.5,2082.2,18755.1
343936.3,3132109.9,2086.4,18782.3
343908.6,3132079.5,2083.5,18823.4
343881.0,3132049.1,2084.4,18864.5
343853.3,3132018.6,2077.7,18905.6
343826.1,3132019.0,2082.1,18932.9
343798.4,3131988.6,2076.8,18974.0
343771.2,3131988.9,2085.8,19001.2
343743.5,3131958.5,2075.2,19042.3
343715.9,3131928.1,2073.5,19083.5
343688.3,3131897.7,2074.7,19124.6
343660.6,3131867.3,2064.4,19165.7
343633.0,3131836.8,2069.2,19206.8
343605.3,3131806.4,2077.7,19247.9
343577.7,3131776.0,2072.6,19289.0
343550.0,3131745.6,2056.9,19330.1
343522.8,3131745.9,2067.1,19357.4
343495.5,3131746.3,2077.8,19384.6
343467.9,3131715.9,2067.7,19425.7
343440.6,3131716.2,2084.6,19453.0
343413.0,3131685.8,2061.3,19494.1
343385.8,3131686.2,2071.2,19521.3
343358.1,3131655.8,2060.7,19562.4
343330.9,3131656.1,2073.9,19589.7
343303.2,3131625.7,2054.7,19630.8
343275.6,3131595.3,2037.7,19671.9
343247.9,3131564.9,2025.2,19713.0
343220.3,3131534.5,2017.5,19754.1
343192.6,3131504.0,2014.8,19795.2
343165.0,3131473.6,2020.4,19836.4
343137.3,3131443.2,2028.0,19877.5
343109.7,3131412.8,2027.7,19918.6
343082.0,3131382.4,2027.4,19959.7
343054.4,3131351.9,2032.3,20000.8
343026.7,3131321.5,2048.2,20041.9
342999.1,3131291.1,2059.0,20083.0
342971.4,3131260.7,2065.6,20124.1
342943.8,3131230.3,2071.6,20165.2
342916.1,3131199.9,2081.3,20206.3
342888.5,3131169.4,2081.0,20247.5
342860.8,3131139.0,2082.1,20288.6
342860.4,3131108.2,2086.7,20319.3
342860.0,3131077.5,2086.1,20350.1
342859.6,3131046.7,2084.8,20380.9
342832.0,3131016.3,2081.9,20422.0
342831.5,3130985.5,2074.6,20452.8
342803.9,3130955.1,2062.0,20493.9
342776.2,3130924.7,2046.0,20535.0
342775.8,3130893.9,2037.0,20565.8
342775.4,3130863.1,2028.6,20596.6
342775.0,3130832.3,2020.3,20627.4
342774.6,3130801.5,2012.6,20658.2
342747.0,3130771.1,2002.1,20699.3
342719.3,3130740.7,1991.3,20740.4
342691.7,3130710.3,1988.4,20781.5
342691.2,3130679.5,1988.1,20812.3
342663.6,3130649.1,1987.9,20853.4
342636.3,3130649.5,1988.3,20880.6
342608.7,3130619.0,1986.9,20921.8
342608.3,3130588.3,1984.7,20952.5
342580.6,3130557.8,1984.3,20993.7
342553.4,3130558.2,1983.5,21020.9
342525.7,3130527.8,1982.7,21062.0
342498.1,3130497.4,1983.0,21103.1
342497.7,3130466.6,1973.7,21133.9
342470.0,3130436.2,1969.7,21175.0
342442.4,3130405.8,1959.3,21216.1
342415.1,3130406.1,1950.2,21243.4
342414.7,3130375.3,1946.5,21274.2
342387.1,3130344.9,1948.0,21315.3
342359.4,3130314.5,1951.0,21356.4
342332.2,3130314.9,1950.6,21383.6
342304.5,3130284.5,1948.4,21424.7
342276.9,3130254.0,1940.8,21465.8
342249.6,3130254.4,1932.9,21493.1
342222.4,3130254.8,1927.0,21520.3
342195.1,3130255.1,1935.2,21547.6
342167.5,3130224.7,1926.5,21588.7
342140.2,3130225.1,1941.0,21615.9
342112.6,3130194.7,1940.1,21657.1
342084.9,3130164.2,1935.6,21698.2
342057.3,3130133.8,1930.6,21739.3
342029.6,3130103.4,1929.1,21780.4
342001.9,3130073.0,1934.0,21821.5
341974.3,3130042.6,1942.7,21862.6
341946.6,3130012.2,1941.5,21903.7
341919.0,3129981.7,1932.0,21944.8
341891.3,3129951.3,1917.8,21985.9
341864.1,3129951.7,1907.3,22013.2
341836.8,3129952.1,1895.0,22040.4
341809.6,3129952.4,1886.8,22067.7
341782.3,3129952.8,1885.3,22094.9
341755.1,3129953.1,1894.1,22122.2
341727.4,3129922.7,1892.1,22163.3
341699.8,3129892.3,1900.9,22204.4
341672.1,3129861.9,1910.2,22245.5
341644.9,3129862.3,1913.1,22272.7
341617.2,3129831.8,1913.7,22313.9
341589.6,3129801.4,1909.1,22355.0
341562.3,3129801.8,1905.1,22382.2
341534.7,3129771.4,1902.4,22423.3
341507.0,3129741.0,1886.4,22464.4
341506.6,3129710.2,1876.0,22495.2
341478.9,3129679.8,1860.6,22536.3
341478.5,3129649.0,1855.7,22567.1
341450.9,3129618.6,1847.4,22608.2
341423.2,3129588.2,1844.5,22649.3
341395.6,3129557.8,1847.7,22690.4
341367.9,3129527.3,1848.7,22731.6
341340.2,3129496.9,1841.5,22772.7
341313.0,3129497.3,1834.9,22799.9
341285.3,3129466.9,1825.7,22841.0
341257.7,3129436.5,1825.0,22882.1
341230.0,3129406.0,1827.2,22923.2
341202.4,3129375.6,1826.4,22964.4
341174.7,3129345.2,1827.8,23005.5
341147.5,3129345.6,1826.5,23032.7
341119.8,3129315.2,1821.3,23073.8
341092.5,3129315.5,1821.2,23101.1
341064.9,3129285.1,1818.5,23142.2
341037.2,3129254.7,1816.0,23183.3
341010.0,3129255.1,1818.2,23210.5
340982.3,3129224.7,1819.0,23251.6
340954.7,3129194.2,1821.4,23292.8
340927.8,3129225.4,1821.6,23333.9
340900.2,3129195.0,1819.5,23375.0
340872.5,3129164.6,1810.3,23416.1
340845.3,3129164.9,1799.1,23443.3
340844.8,3129134.1,1800.0,23474.1
340817.2,3129103.7,1799.5,23515.2
340789.5,3129073.3,1803.2,23556.3
340789.1,3129042.5,1800.2,23587.1
340788.7,3129011.8,1787.8,23617.9
340788.3,3128981.0,1783.9,23648.7
340787.9,3128950.2,1784.2,23679.5
340787.5,3128919.4,1783.7,23710.3
340814.3,3128888.3,1782.0,23751.4
340813.9,3128857.5,1775.8,23782.2
340813.5,3128826.7,1772.5,23812.9
340813.1,3128795.9,1769.9,23843.7
340812.6,3128765.2,1771.9,23874.5
340812.2,3128734.4,1777.3,23905.3
340811.8,3128703.6,1780.1,23936.1
340811.4,3128672.8,1779.4,23966.9
340811.0,3128642.1,1774.6,23997.7
340810.6,3128611.3,1768.1,24028.4
340810.2,3128580.5,1763.1,24059.2
340809.7,3128549.7,1763.1,24090.0
340809.3,3128518.9,1762.4,24120.8
340808.9,3128488.2,1764.7,24151.6
340808.5,3128457.4,1764.2,24182.4
340808.1,3128426.6,1760.3,24213.1
340807.7,3128395.8,1757.2,24243.9
340807.3,3128365.0,1750.5,24274.7
340806.9,3128334.3,1746.2,24305.5
340806.4,3128303.5,1748.8,24336.3
340806.0,3128272.7,1753.0,24367.1
340805.6,3128241.9,1757.1,24397.8
340805.2,3128211.1,1762.6,24428.6
340804.8,3128180.4,1767.7,24459.4
340804.4,3128149.6,1773.6,24490.2
340804.0,3128118.8,1780.2,24521.0
340776.3,3128088.4,1778.5,24562.1
340775.9,3128057.6,1779.3,24592.9
340748.2,3128027.2,1781.6,24634.0
340720.6,3127996.8,1779.9,24675.1
340692.9,3127966.4,1776.7,24716.2
340692.5,3127935.6,1773.1,24747.0
340692.1,3127904.8,1770.8,24777.8
340691.7,3127874.0,1769.1,24808.6
340664.0,3127843.6,1762.5,24849.7
340636.3,3127813.2,1752.1,24890.8
340608.7,3127782.8,1743.6,24931.9
340581.4,3127783.2,1741.5,24959.1
340553.8,3127752.8,1739.6,25000.3
340526.1,3127722.3,1738.8,25041.4
340498.4,3127691.9,1741.5,25082.5
340470.8,3127661.5,1745.9,25123.6
340443.1,3127631.1,1745.8,25164.7
340415.4,3127600.7,1743.4,25205.8
340387.8,3127570.3,1739.5,25246.9
340360.1,3127539.9,1735.9,25288.0
340359.7,3127509.1,1730.9,25318.8
340359.3,3127478.3,1725.1,25349.6
340358.9,3127447.5,1723.7,25380.4
340358.4,3127416.8,1720.7,25411.2
340330.8,3127386.3,1719.4,25452.3
340303.1,3127355.9,1726.7,25493.4
340275.4,3127325.5,1731.7,25534.5
340247.8,3127295.1,1724.3,25575.6
340220.1,3127264.7,1722.6,25616.7
340192.5,3127234.3,1727.6,25657.8
340164.8,3127203.9,1731.0,25698.9
340137.1,3127173.5,1734.6,25740.1
340109.5,3127143.0,1734.6,25781.2
340082.2,3127143.4,1731.5,25808.4
340054.5,3127113.0,1722.4,25849.5
340026.9,3127082.6,1714.1,25890.6
339999.6,3127083.0,1705.6,25917.9
339972.4,3127083.3,1699.9,25945.1
339945.1,3127083.7,1700.9,25972.4
339917.9,3127084.1,1708.3,25999.6
339890.2,3127053.6,1707.6,26040.7
339862.5,3127023.2,1709.2,26081.8
339834.9,3126992.8,1710.8,26122.9
339807.2,3126962.4,1713.5,26164.1
339779.5,3126932.0,1713.8,26205.2
339779.1,3126901.2,1712.8,26236.0
339751.4,3126870.8,1712.9,26277.1
339751.0,3126840.0,1714.0,26307.8
339750.6,3126809.3,1708.7,26338.6
339750.2,3126778.5,1703.5,26369.4
339749.8,3126747.7,1703.7,26400.2
339722.1,3126717.3,1706.1,26441.3
339694.4,3126686.9,1706.9,26482.4
339667.2,3126687.2,1696.5,26509.7
339639.5,3126656.8,1690.3,26550.8
339639.1,3126626.1,1688.0,26581.6
339638.7,3126595.3,1688.5,26612.3
339638.3,3126564.5,1691.3,26643.1
339610.6,3126534.1,1692.0,26684.2
339610.2,3126503.3,1690.5,26715.0
339609.8,3126472.5,1691.9,26745.8
339609.3,3126441.7,1691.2,26776.6
339608.9,3126411.0,1687.4,26807.4
339608.5,3126380.2,1690.4,26838.2
339580.8,3126349.8,1688.8,26879.3
339580.4,3126319.0,1690.1,26910.1
339580.0,3126288.2,1692.4,26940.8
339606.9,3126257.1,1690.8,26982.0
339606.4,3126226.3,1684.1,27012.7
339606.0,3126195.5,1680.0,27043.5
339605.6,3126164.7,1677.7,27074.3
339605.2,3126134.0,1674.9,27105.1
339604.8,3126103.2,1671.2,27135.9
339604.4,3126072.4,1669.9,27166.7
339603.9,3126041.6,1669.6,27197.4
339603.5,3126010.8,1669.3,27228.2
339603.1,3125980.1,1668.2,27259.0
339602.7,3125949.3,1669.7,27289.8
339602.3,3125918.5,1673.8,27320.6
339601.9,3125887.7,1677.2,27351.4
339574.2,3125857.3,1680.4,27392.5
339546.5,3125826.9,1678.8,27433.6
339518.9,3125796.5,1671.6,27474.7
339491.2,3125766.1,1667.4,27515.8
339463.5,3125735.7,1668.6,27556.9
339435.8,3125705.3,1667.3,27598.0
339408.2,3125674.9,1668.6,27639.1
339380.5,3125644.4,1670.0,27680.3
339352.8,3125614.0,1676.0,27721.4
339325.1,3125583.6,1675.4,27762.5
339297.5,3125553.2,1673.2,27803.6
339269.8,3125522.8,1668.6,27844.7
339242.5,3125523.2,1675.9,27871.9
339214.9,3125492.8,1665.5,27913.1
339187.2,3125462.4,1665.1,27954.2
339159.5,3125431.9,1669.6,27995.3
339131.9,3125401.5,1675.5,28036.4
339104.2,3125371.1,1682.7,28077.5
339077.3,3125402.3,1675.6,28118.6
339049.7,3125371.9,1673.5,28159.7
339022.4,3125372.2,1676.9,28187.0
338994.7,3125341.8,1678.7,28228.1
338994.3,3125311.0,1669.6,28258.9
338993.9,3125280.3,1661.9,28289.6
338966.2,3125249.9,1660.7,28330.8
338938.6,3125219.4,1663.8,28371.9
338910.9,3125189.0,1664.1,28413.0
338910.5,3125158.3,1662.8,28443.8
338910.1,3125127.5,1654.4,28474.5
338909.6,3125096.7,1639.6,28505.3
338909.2,3125065.9,1627.8,28536.1
338908.8,3125035.1,1619.9,28566.9
338908.4,3125004.4,1619.3,28597.7
338908.0,3124973.6,1621.0,28628.5
338907.5,3124942.8,1624.9,28659.2
338907.1,3124912.0,1637.0,28690.0
338906.7,3124881.2,1642.5,28720.8
338906.3,3124850.5,1641.7,28751.6
338905.9,3124819.7,1640.2,28782.4
338905.5,3124788.9,1630.0,28813.2
338905.0,3124758.1,1629.8,28844.0
338904.6,3124727.3,1633.9,28874.7
338904.2,3124696.6,1634.4,28905.5
338903.8,3124665.8,1632.5,28936.3
338903.4,3124635.0,1636.8,28967.1
338903.0,3124604.2,1633.9,28997.9
338902.5,3124573.5,1628.8,29028.7
338902.1,3124542.7,1626.5,29059.4
338901.7,3124511.9,1629.1,29090.2
338901.3,3124481.1,1635.3,29121.0
338900.9,3124450.3,1643.8,29151.8
338927.7,3124419.2,1639.6,29192.9
338927.3,3124388.4,1641.9,29223.7
338926.9,3124357.6,1646.4,29254.5
338953.7,3124326.5,1642.7,29295.6
338980.6,3124295.3,1641.9,29336.7
339007.4,3124264.2,1638.9,29377.8
339007.0,3124233.4,1644.1,29408.6
339033.8,3124202.3,1637.3,29449.7
339060.7,3124171.1,1634.5,29490.8
339060.2,3124140.3,1637.3,29521.6
339059.8,3124109.6,1638.7,29552.4
339059.4,3124078.8,1643.3,29583.2
339086.3,3124047.6,1640.8,29624.3
339085.8,3124016.8,1644.5,29655.1
339112.7,3123985.7,1643.4,29696.2
339085.0,3123955.3,1647.5,29737.3
339084.6,3123924.5,1642.3,29768.1
339084.2,3123893.7,1636.9,29798.9
339111.0,3123862.6,1627.5,29840.0
339110.6,3123831.8,1622.4,29870.8
339110.2,3123801.0,1619.6,29901.5
339137.0,3123769.9,1618.0,29942.6
339163.9,3123738.7,1618.7,29983.8
339163.5,3123708.0,1620.8,30014.5
