dist_km,lat,lon
0.000,28.276500,85.519400
0.400,28.279704,85.517542
0.800,28.282907,85.515684
1.200,28.286111,85.513825
1.600,28.289314,85.511967
2.000,28.292518,85.510109
2.400,28.295722,85.508251
2.800,28.298925,85.506392
3.200,28.302129,85.504534
3.600,28.305190,85.502416
4.000,28.307685,85.499825
4.400,28.310751,85.497732
4.800,28.313158,85.494997
5.200,28.314826,85.491417
5.600,28.317181,85.488427
6.000,28.320324,85.488701
6.400,28.323370,85.486653
6.800,28.326462,85.484815
7.200,28.329804,85.485427
7.600,28.332204,85.484194
8.000,28.332535,85.480125
8.400,28.332867,85.476055
8.800,28.333198,85.471986
9.200,28.333530,85.467916
9.600,28.333861,85.463847
10.000,28.334192,85.459777
10.400,28.334524,85.455707
10.800,28.334855,85.451638
11.200,28.335187,85.447568
11.600,28.335518,85.443499
12.000,28.335607,85.439458
12.400,28.334147,85.435755
12.800,28.331674,85.433088
13.200,28.330140,85.429512
13.600,28.330370,85.425545
14.000,28.329692,85.421583
14.400,28.327583,85.418420
14.800,28.326744,85.414844
15.200,28.323547,85.413191
15.600,28.320049,85.413700
16.000,28.316631,85.414324
16.400,28.313085,85.413647
16.800,28.309677,85.412444
17.200,28.307391,85.409873
17.600,28.304770,85.407692
18.000,28.302472,85.404711
18.400,28.300666,85.401472
18.800,28.298732,85.398457
19.200,28.295545,85.397386
19.600,28.292548,85.395268
20.000,28.289654,85.393122
20.400,28.287656,85.389821
20.800,28.285528,85.386833
21.200,28.283157,85.384011
21.600,28.280971,85.381064
22.000,28.278706,85.378100
22.400,28.275838,85.377186
22.800,28.272305,85.377567
23.200,28.269037,85.376543
23.600,28.266082,85.374707
24.000,28.263476,85.372682
24.400,28.260843,85.370566
24.800,28.258585,85.367551
25.200,28.256283,85.365460
25.600,28.252719,85.365043
26.000,28.249315,85.364737
26.400,28.246220,85.362820
26.800,28.244124,85.359525
27.200,28.240899,85.358207
27.600,28.237354,85.357938
28.000,28.234297,85.359673
28.400,28.230831,85.360528
28.800,28.227297,85.361003
29.200,28.223729,85.360931
29.600,28.221005,85.358702
30.000,28.218210,85.356196
30.400,28.215022,85.354662
30.800,28.211491,85.354374
31.200,28.207956,85.354402
31.600,28.204699,85.353858
32.000,28.201268,85.352770
32.400,28.197839,85.351720
32.800,28.194689,85.349981
33.200,28.191416,85.348519
33.600,28.188328,85.346436
34.000,28.185204,85.344792
34.400,28.182031,85.343283
34.800,28.178634,85.342765
35.200,28.175100,85.342818
35.600,28.171561,85.342692
36.000,28.168010,85.342426
36.400,28.164746,85.341919
36.800,28.162980,85.338624
37.200,28.159917,85.337377
37.600,28.158455,85.333737
38.000,28.156189,85.330657
38.400,28.153591,85.327849
38.800,28.151275,85.324928
39.200,28.149512,85.321573
39.600,28.147752,85.318236
40.000,28.145738,85.315081
40.400,28.143390,85.312995
40.800,28.141582,85.311142
41.200,28.140855,85.307791
41.600,28.138139,85.305147
42.000,28.134957,85.303275
42.400,28.132295,85.300908
42.800,28.129094,85.299912
43.200,28.126405,85.297345
43.600,28.124394,85.294068
44.000,28.122103,85.291198
44.400,28.119564,85.288511
44.800,28.117544,85.285311
45.200,28.115197,85.282556
45.600,28.112361,85.280175
46.000,28.110134,85.277290
46.400,28.107779,85.274660
46.800,28.105595,85.271788
47.200,28.103235,85.269085
47.600,28.101407,85.266316
48.000,28.098693,85.263903
48.400,28.096237,85.261026
48.800,28.095271,85.257140
49.200,28.093892,85.253459
49.600,28.092727,85.249693
50.000,28.092529,85.245622
50.400,28.091919,85.241709
50.800,28.091318,85.237790
51.200,28.090175,85.233938
51.600,28.088259,85.230649
52.000,28.085266,85.228615
52.400,28.083902,85.224876
52.800,28.081870,85.221638
53.200,28.079872,85.218372
53.600,28.077402,85.215545
54.000,28.075449,85.212140
54.400,28.073682,85.208842
54.800,28.070235,85.207978
55.200,28.068037,85.205132
55.600,28.064764,85.206505
56.000,28.061386,85.207865
56.400,28.057878,85.208669
56.800,28.054457,85.207924
57.200,28.051824,85.205411
57.600,28.049338,85.202533
58.000,28.045986,85.201240
58.400,28.043585,85.198295
58.800,28.041327,85.195127
59.200,28.038123,85.193529
59.600,28.034830,85.194821
60.000,28.031503,85.193654
60.400,28.028005,85.193272
60.800,28.026248,85.189988
61.200,28.024239,85.186711
61.600,28.020763,85.186190
62.000,28.017606,85.187345
62.400,28.014840,85.185470
62.800,28.011621,85.183742
63.200,28.008036,85.183566
63.600,28.004520,85.184270
64.000,28.001057,85.184120
64.400,27.997838,85.185716
64.800,27.994900,85.184413
65.200,27.992200,85.182274
65.600,27.989156,85.181804
66.000,27.986390,85.180244
66.400,27.982822,85.180348
66.800,27.979384,85.181217
67.200,27.975901,85.182184
67.600,27.972764,85.184065
68.000,27.970158,85.182490
68.400,27.968942,85.178716
68.800,27.965758,85.176959
69.200,27.963962,85.173589
69.600,27.962661,85.169818
70.000,27.959394,85.168223
70.400,27.956487,85.166121
70.800,27.955194,85.162350
71.200,27.951881,85.162556
71.600,27.948303,85.162717
72.000,27.945328,85.161049
72.400,27.941948,85.159784
72.800,27.938728,85.158012
73.200,27.935691,85.155862
73.600,27.932307,85.155098
74.000,27.933225,85.151886
74.400,27.931852,85.149902
74.800,27.928429,85.149007
75.200,27.925463,85.151100
75.600,27.922072,85.150647
76.000,27.920744,85.146902
76.400,27.920211,85.142940
76.800,27.917389,85.140489
77.200,27.916424,85.136605
77.600,27.914139,85.134304
78.000,27.911606,85.137163
78.400,27.908470,85.138933
78.800,27.905226,85.140375
79.200,27.901877,85.140180
79.600,27.900042,85.136828
80.000,27.896543,85.136155
80.400,27.893044,85.135943
80.800,27.889643,85.137067
81.200,27.887263,85.134390
81.600,27.885039,85.131198
82.000,27.882783,85.128038
82.400,27.879782,85.125905
82.800,27.876245,85.126041
83.200,27.873883,85.123450
83.600,27.872359,85.119798
84.000,27.870417,85.116398
84.400,27.868357,85.113502
84.800,27.865119,85.111858
85.200,27.861838,85.110344
85.600,27.859632,85.107242
86.000,27.858134,85.103884
86.400,27.858734,85.099947
86.800,27.859975,85.096183
87.200,27.860376,85.092140
87.600,27.859273,85.088992
88.000,27.856554,85.086896
88.400,27.856228,85.082884
88.800,27.855943,85.078876
89.200,27.853922,85.075511
89.600,27.853334,85.071712
90.000,27.855252,85.068287
90.400,27.856990,85.064737
90.800,27.859332,85.061790
91.200,27.859136,85.058347
91.600,27.855901,85.056923
92.000,27.853783,85.053714
92.400,27.852830,85.049811
92.800,27.854409,85.046377
93.200,27.856545,85.043109
93.600,27.855418,85.039504
94.000,27.853761,85.035948
94.400,27.854403,85.032050
94.800,27.851697,85.029574
95.200,27.848246,85.028633
95.600,27.846268,85.025242
96.000,27.844375,85.021835
96.400,27.842254,85.019187
96.800,27.838984,85.020786
97.200,27.836255,85.023223
97.600,27.832763,85.022746
98.000,27.829964,85.020193
98.400,27.827170,85.017673
98.800,27.823641,85.017468
99.200,27.820064,85.017072
99.600,27.816938,85.015198
100.000,27.813851,85.013177
100.400,27.810544,85.012039
100.800,27.807979,85.014399
101.200,27.806087,85.011056
101.600,27.804945,85.007638
102.000,27.803335,85.004017
102.400,27.802365,85.000339
102.800,27.803373,84.996464
103.200,27.803449,84.992417
103.600,27.804961,84.989481
104.000,27.805074,84.985709
104.400,27.802857,84.982522
104.800,27.802007,84.978643
105.200,27.801663,84.974687
105.600,27.803424,84.971817
106.000,27.805987,84.970175
106.400,27.809284,84.969382
106.800,27.811993,84.967800
107.200,27.811376,84.964986
107.600,27.814813,84.963866
108.000,27.817180,84.960934
108.400,27.817754,84.957071
108.800,27.816100,84.953504
109.200,27.816817,84.950086
109.600,27.815382,84.946490
110.000,27.812067,84.945100
110.400,27.809218,84.943043
110.800,27.806225,84.940815
111.200,27.804625,84.937743
111.600,27.803869,84.934143
112.000,27.801401,84.931190
112.400,27.799499,84.927738
112.800,27.797646,84.924263
113.200,27.798457,84.920526
113.600,27.800683,84.917374
114.000,27.802630,84.914343
114.400,27.805176,84.912415
114.800,27.804148,84.908524
115.200,27.806466,84.907374
115.600,27.807593,84.904377
116.000,27.806085,84.900696
116.400,27.807063,84.896953
116.800,27.808161,84.893108
117.200,27.809337,84.889323
117.600,27.808792,84.885461
118.000,27.809398,84.882157
118.400,27.808719,84.878531
118.800,27.807957,84.874564
119.200,27.806252,84.871417
119.600,27.803268,84.872133
120.000,27.801864,84.868417
120.400,27.801737,84.864448
120.800,27.804800,84.862365
121.200,27.807240,84.859564
121.600,27.807519,84.855522
122.000,27.808575,84.851648
122.400,27.807127,84.848604
122.800,27.803934,84.847514
123.200,27.802368,84.843855
123.600,27.802056,84.839903
124.000,27.805010,84.837987
124.400,27.807975,84.836846
124.800,27.811144,84.835369
125.200,27.814589,84.834759
125.600,27.817289,84.832087
126.000,27.818985,84.828540
126.400,27.818568,84.824683
126.800,27.815659,84.822522
127.200,27.812108,84.821954
127.600,27.808735,84.822683
128.000,27.807680,84.818980
128.400,27.810349,84.816816
128.800,27.813610,84.815619
129.200,27.814619,84.811740
129.600,27.817296,84.809275
130.000,27.817109,84.805458
130.400,27.815453,84.801919
130.800,27.814519,84.798262
131.200,27.813361,84.794438
131.600,27.812899,84.790575
132.000,27.814701,84.787452
132.400,27.814003,84.783462
132.800,27.812835,84.779624
133.200,27.810295,84.776782
133.600,27.808696,84.773481
134.000,27.810510,84.769991
134.400,27.813541,84.769093
134.800,27.816467,84.768130
135.200,27.818526,84.764820
135.600,27.817552,84.761120
136.000,27.815185,84.758088
136.400,27.811981,84.756862
136.800,27.808580,84.756014
137.200,27.806128,84.753046
137.600,27.805367,84.749354
138.000,27.804980,84.745767
138.400,27.804422,84.741918
138.800,27.803745,84.738114
139.200,27.800408,84.737212
139.600,27.798095,84.734925
140.000,27.795772,84.731959
140.400,27.797324,84.728952
140.800,27.800295,84.727030
141.200,27.801118,84.723103
141.600,27.802984,84.719874
142.000,27.802598,84.716981
142.400,27.800681,84.713589
142.800,27.801133,84.709695
143.200,27.804063,84.708135
143.600,27.807162,84.707189
144.000,27.807403,84.703140
144.400,27.808106,84.699157
144.800,27.809017,84.695223
145.200,27.809660,84.691232
145.600,27.810448,84.687284
146.000,27.811191,84.683417
146.400,27.813488,84.680299
146.800,27.815616,84.677060
147.200,27.816654,84.673178
147.600,27.817731,84.669328
148.000,27.820392,84.667222
148.400,27.823736,84.666878
148.800,27.826450,84.664349
149.200,27.828800,84.661326
149.600,27.832308,84.661593
150.000,27.835601,84.663183
150.400,27.839155,84.663697
150.800,27.842450,84.663047
151.200,27.845801,84.661581
151.600,27.849239,84.660422
152.000,27.851711,84.657591
152.400,27.852414,84.653646
152.800,27.852758,84.649608
153.200,27.854704,84.646799
153.600,27.857573,84.649193
154.000,27.859873,84.647909
154.400,27.860272,84.644080
154.800,27.859839,84.640207
155.200,27.860216,84.636228
155.600,27.862824,84.633974
156.000,27.866398,84.633513
156.400,27.869573,84.632432
156.800,27.870931,84.628747
157.200,27.873942,84.626979
157.600,27.877392,84.627387
158.000,27.879767,84.624548
158.400,27.880820,84.620700
158.800,27.879261,84.617476
159.200,27.876711,84.614676
159.600,27.873283,84.613925
160.000,27.872084,84.610244
160.400,27.871626,84.606260
160.800,27.874286,84.603865
161.200,27.876252,84.600939
161.600,27.876125,84.596918
162.000,27.877881,84.593470
162.400,27.880006,84.590345
162.800,27.878275,84.586933
163.200,27.875968,84.583847
163.600,27.874160,84.580336
164.000,27.871695,84.577421
164.400,27.868240,84.576883
164.800,27.864777,84.577323
165.200,27.862347,84.574381
165.600,27.860325,84.571110
166.000,27.858907,84.567372
166.400,27.858258,84.563395
166.800,27.857894,84.559386
167.200,27.855282,84.557406
167.600,27.851725,84.556914
168.000,27.848307,84.558151
168.400,27.844735,84.558126
168.800,27.841248,84.557142
169.200,27.837707,84.556465
169.600,27.835219,84.553667
170.000,27.833123,84.550362
170.400,27.831857,84.546615
170.800,27.832665,84.542725
171.200,27.833789,84.538915
171.600,27.833230,84.534958
172.000,27.833487,84.530934
172.400,27.833714,84.526896
172.800,27.832888,84.522946
173.200,27.830415,84.520372
173.600,27.826828,84.520295
174.000,27.823250,84.520559
174.400,27.819753,84.519704
174.800,27.816647,84.517761
175.200,27.815622,84.513891
175.600,27.816112,84.509935
176.000,27.817807,84.506364
176.400,27.819706,84.502948
176.800,27.820256,84.498946
177.200,27.820473,84.495192
177.600,27.819589,84.491641
178.000,27.820854,84.488112
178.400,27.821307,84.484102
178.800,27.821803,84.480117
179.200,27.823261,84.476413
179.600,27.823927,84.472428
180.000,27.824280,84.468420
180.400,27.823242,84.465668
180.800,27.819821,84.466108
181.200,27.819474,84.462748
181.600,27.819596,84.458684
182.000,27.820352,84.454724
182.400,27.821724,84.450978
182.800,27.823253,84.447307
183.200,27.821943,84.443850
183.600,27.818960,84.441680
184.000,27.816117,84.439595
184.400,27.815523,84.435692
184.800,27.813259,84.432615
185.200,27.809715,84.431938
185.600,27.806169,84.431287
186.000,27.802583,84.430979
186.400,27.799013,84.431167
186.800,27.795463,84.430562
187.200,27.791976,84.430003
187.600,27.788466,84.430689
188.000,27.785293,84.432603
188.400,27.782405,84.435009
188.800,27.779652,84.437626
189.200,27.778334,84.441032
189.600,27.778606,84.445083
190.000,27.778412,84.449141
190.400,27.777442,84.453047
190.800,27.775964,84.456754
191.200,27.774179,84.460280
191.600,27.771358,84.462668
192.000,27.769053,84.465750
192.400,27.765937,84.467730
192.800,27.762852,84.469800
193.200,27.759468,84.471109
193.600,27.755944,84.471919
194.000,27.752423,84.472142
194.400,27.751982,84.468569
194.800,27.752983,84.464682
195.200,27.755241,84.461571
195.600,27.758049,84.459127
196.000,27.759702,84.455824
196.400,27.759540,84.451776
196.800,27.757921,84.448214
197.200,27.754761,84.446325
197.600,27.751867,84.443950
198.000,27.748891,84.441693
198.400,27.745655,84.439919
198.800,27.742884,84.437444
199.200,27.741424,84.433750
