dist_km,lat,lon,elev_m
0.000,28.276500,85.519400,4928.0
0.400,28.279704,85.517542,4551.0
0.800,28.282907,85.515684,4087.0
1.200,28.286111,85.513825,4000.0
1.600,28.289314,85.511967,3819.0
2.000,28.292518,85.510109,3756.0
2.400,28.295722,85.508251,3734.0
2.800,28.298925,85.506392,3698.0
3.200,28.302129,85.504534,3614.0
3.600,28.305190,85.502416,3506.0
4.000,28.307685,85.499825,3482.0
4.400,28.310751,85.497732,3450.0
4.800,28.313158,85.494997,3428.0
5.200,28.314826,85.491417,3360.0
5.600,28.317181,85.488427,3230.0
6.000,28.320324,85.488701,3160.0
6.400,28.323370,85.486653,3083.0
6.800,28.326462,85.484815,3028.0
7.200,28.329804,85.485427,2955.0
7.600,28.332204,85.484194,2922.0
8.000,28.332535,85.480125,2872.0
8.400,28.332867,85.476055,2825.0
8.800,28.333198,85.471986,2799.0
9.200,28.333530,85.467916,2804.0
9.600,28.333861,85.463847,2817.0
10.000,28.334192,85.459777,2774.0
10.400,28.334524,85.455707,2697.0
10.800,28.334855,85.451638,2576.0
11.200,28.335187,85.447568,2493.0
11.600,28.335518,85.443499,2432.0
12.000,28.335607,85.439458,2395.0
12.400,28.334147,85.435755,2350.0
12.800,28.331674,85.433088,2326.0
13.200,28.330140,85.429512,2287.0
13.600,28.330370,85.425545,2269.0
14.000,28.329692,85.421583,2239.0
14.400,28.327583,85.418420,2217.0
14.800,28.326744,85.414844,2214.0
15.200,28.323547,85.413191,2218.0
15.600,28.320049,85.413700,2197.0
16.000,28.316631,85.414324,2226.0
16.400,28.313085,85.413647,2143.0
16.800,28.309677,85.412444,2134.0
17.200,28.307391,85.409873,2105.0
17.600,28.304770,85.407692,2083.0
18.000,28.302472,85.404711,2047.0
18.400,28.300666,85.401472,2029.0
18.800,28.298732,85.398457,1988.0
19.200,28.295545,85.397386,2045.0
19.600,28.292548,85.395268,2141.0
20.000,28.289654,85.393122,1936.0
20.400,28.287656,85.389821,1903.0
20.800,28.285528,85.386833,1885.0
21.200,28.283157,85.384011,1902.0
21.600,28.280971,85.381064,1835.0
22.000,28.278706,85.378100,1832.0
22.400,28.275838,85.377186,1775.0
22.800,28.272305,85.377567,1776.0
23.200,28.269037,85.376543,1763.0
23.600,28.266082,85.374707,1748.0
24.000,28.263476,85.372682,1738.0
24.400,28.260843,85.370566,1721.0
24.800,28.258585,85.367551,1704.0
25.200,28.256283,85.365460,1698.0
25.600,28.252719,85.365043,1709.0
26.000,28.249315,85.364737,1676.0
26.400,28.246220,85.362820,1661.0
26.800,28.244124,85.359525,1700.0
27.200,28.240899,85.358207,1642.0
27.600,28.237354,85.357938,1647.0
28.000,28.234297,85.359673,1632.0
28.400,28.230831,85.360528,1637.0
28.800,28.227297,85.361003,1604.0
29.200,28.223729,85.360931,1611.0
29.600,28.221005,85.358702,1591.0
30.000,28.218210,85.356196,1637.0
30.400,28.215022,85.354662,1586.0
30.800,28.211491,85.354374,1564.0
31.200,28.207956,85.354402,1561.0
31.600,28.204699,85.353858,1539.0
32.000,28.201268,85.352770,1537.0
32.400,28.197839,85.351720,1522.0
32.800,28.194689,85.349981,1505.0
33.200,28.191416,85.348519,1496.0
33.600,28.188328,85.346436,1491.0
34.000,28.185204,85.344792,1477.0
34.400,28.182031,85.343283,1513.0
34.800,28.178634,85.342765,1473.0
35.200,28.175100,85.342818,1444.0
35.600,28.171561,85.342692,1441.0
36.000,28.168010,85.342426,1444.0
36.400,28.164746,85.341919,1431.0
36.800,28.162980,85.338624,1423.0
37.200,28.159917,85.337377,1460.0
37.600,28.158455,85.333737,1401.0
38.000,28.156189,85.330657,1395.0
38.400,28.153591,85.327849,1388.0
38.800,28.151275,85.324928,1365.0
39.200,28.149512,85.321573,1371.0
39.600,28.147752,85.318236,1351.0
40.000,28.145738,85.315081,1343.0
40.400,28.143390,85.312995,1373.0
40.800,28.141582,85.311142,1355.0
41.200,28.140855,85.307791,1332.0
41.600,28.138139,85.305147,1359.0
42.000,28.134957,85.303275,1328.0
42.400,28.132295,85.300908,1324.0
42.800,28.129094,85.299912,1358.0
43.200,28.126405,85.297345,1262.0
43.600,28.124394,85.294068,1255.0
44.000,28.122103,85.291198,1242.0
44.400,28.119564,85.288511,1263.0
44.800,28.117544,85.285311,1239.0
45.200,28.115197,85.282556,1212.0
45.600,28.112361,85.280175,1222.0
46.000,28.110134,85.277290,1190.0
46.400,28.107779,85.274660,1188.0
46.800,28.105595,85.271788,1188.0
47.200,28.103235,85.269085,1166.0
47.600,28.101407,85.266316,1176.0
48.000,28.098693,85.263903,1134.0
48.400,28.096237,85.261026,1109.0
48.800,28.095271,85.257140,1110.0
49.200,28.093892,85.253459,1111.0
49.600,28.092727,85.249693,1080.0
50.000,28.092529,85.245622,1069.0
50.400,28.091919,85.241709,1056.0
50.800,28.091318,85.237790,1048.0
51.200,28.090175,85.233938,1042.0
51.600,28.088259,85.230649,1022.0
52.000,28.085266,85.228615,1015.0
52.400,28.083902,85.224876,1006.0
52.800,28.081870,85.221638,993.0
53.200,28.079872,85.218372,973.0
53.600,28.077402,85.215545,946.0
54.000,28.075449,85.212140,930.0
54.400,28.073682,85.208842,918.0
54.800,28.070235,85.207978,920.0
55.200,28.068037,85.205132,911.0
55.600,28.064764,85.206505,871.0
56.000,28.061386,85.207865,863.0
56.400,28.057878,85.208669,874.0
56.800,28.054457,85.207924,834.0
57.200,28.051824,85.205411,825.0
57.600,28.049338,85.202533,835.0
58.000,28.045986,85.201240,808.0
58.400,28.043585,85.198295,797.0
58.800,28.041327,85.195127,785.0
59.200,28.038123,85.193529,774.0
59.600,28.034830,85.194821,784.0
60.000,28.031503,85.193654,753.0
60.400,28.028005,85.193272,762.0
60.800,28.026248,85.189988,738.0
61.200,28.024239,85.186711,731.0
61.600,28.020763,85.186190,718.0
62.000,28.017606,85.187345,708.0
62.400,28.014840,85.185470,697.0
62.800,28.011621,85.183742,689.0
63.200,28.008036,85.183566,682.0
63.600,28.004520,85.184270,671.0
64.000,28.001057,85.184120,666.0
64.400,27.997838,85.185716,659.0
64.800,27.994900,85.184413,652.0
65.200,27.992200,85.182274,641.0
65.600,27.989156,85.181804,634.0
66.000,27.986390,85.180244,632.0
66.400,27.982822,85.180348,621.0
66.800,27.979384,85.181217,620.0
67.200,27.975901,85.182184,615.0
67.600,27.972764,85.184065,611.0
68.000,27.970158,85.182490,601.0
68.400,27.968942,85.178716,599.0
68.800,27.965758,85.176959,591.0
69.200,27.963962,85.173589,593.0
69.600,27.962661,85.169818,584.0
70.000,27.959394,85.168223,579.0
70.400,27.956487,85.166121,573.0
70.800,27.955194,85.162350,572.0
71.200,27.951881,85.162556,564.0
71.600,27.948303,85.162717,570.0
72.000,27.945328,85.161049,562.0
72.400,27.941948,85.159784,557.0
72.800,27.938728,85.158012,552.0
73.200,27.935691,85.155862,548.0
73.600,27.932307,85.155098,555.0
74.000,27.933225,85.151886,541.0
74.400,27.931852,85.149902,538.0
74.800,27.928429,85.149007,531.0
75.200,27.925463,85.151100,543.0
75.600,27.922072,85.150647,534.0
76.000,27.920744,85.146902,530.0
76.400,27.920211,85.142940,523.0
76.800,27.917389,85.140489,521.0
77.200,27.916424,85.136605,516.0
77.600,27.914139,85.134304,509.0
78.000,27.911606,85.137163,516.0
78.400,27.908470,85.138933,510.0
78.800,27.905226,85.140375,504.0
79.200,27.901877,85.140180,502.0
79.600,27.900042,85.136828,501.0
80.000,27.896543,85.136155,496.0
80.400,27.893044,85.135943,496.0
80.800,27.889643,85.137067,491.0
81.200,27.887263,85.134390,492.0
81.600,27.885039,85.131198,487.0
82.000,27.882783,85.128038,485.0
82.400,27.879782,85.125905,492.0
82.800,27.876245,85.126041,477.0
83.200,27.873883,85.123450,480.0
83.600,27.872359,85.119798,473.0
84.000,27.870417,85.116398,475.0
84.400,27.868357,85.113502,474.0
84.800,27.865119,85.111858,469.0
85.200,27.861838,85.110344,473.0
85.600,27.859632,85.107242,475.0
86.000,27.858134,85.103884,470.0
86.400,27.858734,85.099947,465.0
86.800,27.859975,85.096183,459.0
87.200,27.860376,85.092140,457.0
87.600,27.859273,85.088992,462.0
88.000,27.856554,85.086896,456.0
88.400,27.856228,85.082884,453.0
88.800,27.855943,85.078876,455.0
89.200,27.853922,85.075511,449.0
89.600,27.853334,85.071712,450.0
90.000,27.855252,85.068287,444.0
90.400,27.856990,85.064737,445.0
90.800,27.859332,85.061790,445.0
91.200,27.859136,85.058347,449.0
91.600,27.855901,85.056923,443.0
92.000,27.853783,85.053714,433.0
92.400,27.852830,85.049811,436.0
92.800,27.854409,85.046377,434.0
93.200,27.856545,85.043109,429.0
93.600,27.855418,85.039504,432.0
94.000,27.853761,85.035948,430.0
94.400,27.854403,85.032050,431.0
94.800,27.851697,85.029574,432.0
95.200,27.848246,85.028633,423.0
95.600,27.846268,85.025242,427.0
96.000,27.844375,85.021835,423.0
96.400,27.842254,85.019187,426.0
96.800,27.838984,85.020786,418.0
97.200,27.836255,85.023223,424.0
97.600,27.832763,85.022746,432.0
98.000,27.829964,85.020193,421.0
98.400,27.827170,85.017673,420.0
98.800,27.823641,85.017468,415.0
99.200,27.820064,85.017072,418.0
99.600,27.816938,85.015198,416.0
100.000,27.813851,85.013177,423.0
100.400,27.810544,85.012039,420.0
100.800,27.807979,85.014399,425.0
101.200,27.806087,85.011056,414.0
101.600,27.804945,85.007638,414.0
102.000,27.803335,85.004017,412.0
102.400,27.802365,85.000339,418.0
102.800,27.803373,84.996464,410.0
103.200,27.803449,84.992417,418.0
103.600,27.804961,84.989481,403.0
104.000,27.805074,84.985709,403.0
104.400,27.802857,84.982522,404.0
104.800,27.802007,84.978643,411.0
105.200,27.801663,84.974687,407.0
105.600,27.803424,84.971817,413.0
106.000,27.805987,84.970175,409.0
106.400,27.809284,84.969382,396.0
106.800,27.811993,84.967800,402.0
107.200,27.811376,84.964986,401.0
107.600,27.814813,84.963866,393.0
108.000,27.817180,84.960934,397.0
108.400,27.817754,84.957071,390.0
108.800,27.816100,84.953504,391.0
109.200,27.816817,84.950086,396.0
109.600,27.815382,84.946490,389.0
110.000,27.812067,84.945100,386.0
110.400,27.809218,84.943043,396.0
110.800,27.806225,84.940815,383.0
111.200,27.804625,84.937743,397.0
111.600,27.803869,84.934143,385.0
112.000,27.801401,84.931190,388.0
112.400,27.799499,84.927738,372.0
112.800,27.797646,84.924263,378.0
113.200,27.798457,84.920526,377.0
113.600,27.800683,84.917374,383.0
114.000,27.802630,84.914343,385.0
114.400,27.805176,84.912415,380.0
114.800,27.804148,84.908524,375.0
115.200,27.806466,84.907374,369.0
115.600,27.807593,84.904377,382.0
116.000,27.806085,84.900696,373.0
116.400,27.807063,84.896953,368.0
116.800,27.808161,84.893108,373.0
117.200,27.809337,84.889323,381.0
117.600,27.808792,84.885461,371.0
118.000,27.809398,84.882157,392.0
118.400,27.808719,84.878531,363.0
118.800,27.807957,84.874564,368.0
119.200,27.806252,84.871417,365.0
119.600,27.803268,84.872133,375.0
120.000,27.801864,84.868417,361.0
120.400,27.801737,84.864448,359.0
120.800,27.804800,84.862365,358.0
121.200,27.807240,84.859564,367.0
121.600,27.807519,84.855522,361.0
122.000,27.808575,84.851648,361.0
122.400,27.807127,84.848604,372.0
122.800,27.803934,84.847514,364.0
123.200,27.802368,84.843855,363.0
123.600,27.802056,84.839903,357.0
124.000,27.805010,84.837987,356.0
124.400,27.807975,84.836846,370.0
124.800,27.811144,84.835369,365.0
125.200,27.814589,84.834759,358.0
125.600,27.817289,84.832087,365.0
126.000,27.818985,84.828540,359.0
126.400,27.818568,84.824683,350.0
126.800,27.815659,84.822522,350.0
127.200,27.812108,84.821954,347.0
127.600,27.808735,84.822683,344.0
128.000,27.807680,84.818980,342.0
128.400,27.810349,84.816816,341.0
128.800,27.813610,84.815619,347.0
129.200,27.814619,84.811740,333.0
129.600,27.817296,84.809275,337.0
130.000,27.817109,84.805458,340.0
130.400,27.815453,84.801919,335.0
130.800,27.814519,84.798262,341.0
131.200,27.813361,84.794438,329.0
131.600,27.812899,84.790575,333.0
132.000,27.814701,84.787452,338.0
132.400,27.814003,84.783462,323.0
132.800,27.812835,84.779624,325.0
133.200,27.810295,84.776782,329.0
133.600,27.808696,84.773481,331.0
134.000,27.810510,84.769991,320.0
134.400,27.813541,84.769093,328.0
134.800,27.816467,84.768130,324.0
135.200,27.818526,84.764820,318.0
135.600,27.817552,84.761120,320.0
136.000,27.815185,84.758088,315.0
136.400,27.811981,84.756862,324.0
136.800,27.808580,84.756014,318.0
137.200,27.806128,84.753046,328.0
137.600,27.805367,84.749354,316.0
138.000,27.804980,84.745767,316.0
138.400,27.804422,84.741918,309.0
138.800,27.803745,84.738114,312.0
139.200,27.800408,84.737212,308.0
139.600,27.798095,84.734925,308.0
140.000,27.795772,84.731959,312.0
140.400,27.797324,84.728952,313.0
140.800,27.800295,84.727030,306.0
141.200,27.801118,84.723103,311.0
141.600,27.802984,84.719874,303.0
142.000,27.802598,84.716981,306.0
142.400,27.800681,84.713589,306.0
142.800,27.801133,84.709695,298.0
143.200,27.804063,84.708135,300.0
143.600,27.807162,84.707189,314.0
144.000,27.807403,84.703140,300.0
144.400,27.808106,84.699157,304.0
144.800,27.809017,84.695223,298.0
145.200,27.809660,84.691232,293.0
145.600,27.810448,84.687284,297.0
146.000,27.811191,84.683417,296.0
146.400,27.813488,84.680299,294.0
146.800,27.815616,84.677060,298.0
147.200,27.816654,84.673178,287.0
147.600,27.817731,84.669328,289.0
148.000,27.820392,84.667222,277.0
148.400,27.823736,84.666878,286.0
148.800,27.826450,84.664349,284.0
149.200,27.828800,84.661326,288.0
149.600,27.832308,84.661593,314.0
150.000,27.835601,84.663183,283.0
150.400,27.839155,84.663697,286.0
150.800,27.842450,84.663047,275.0
151.200,27.845801,84.661581,276.0
151.600,27.849239,84.660422,279.0
152.000,27.851711,84.657591,276.0
152.400,27.852414,84.653646,268.0
152.800,27.852758,84.649608,284.0
153.200,27.854704,84.646799,298.0
153.600,27.857573,84.649193,280.0
154.000,27.859873,84.647909,270.0
154.400,27.860272,84.644080,278.0
154.800,27.859839,84.640207,268.0
155.200,27.860216,84.636228,272.0
155.600,27.862824,84.633974,258.0
156.000,27.866398,84.633513,267.0
156.400,27.869573,84.632432,266.0
156.800,27.870931,84.628747,259.0
157.200,27.873942,84.626979,260.0
157.600,27.877392,84.627387,265.0
158.000,27.879767,84.624548,258.0
158.400,27.880820,84.620700,254.0
158.800,27.879261,84.617476,257.0
159.200,27.876711,84.614676,251.0
159.600,27.873283,84.613925,249.0
160.000,27.872084,84.610244,261.0
160.400,27.871626,84.606260,251.0
160.800,27.874286,84.603865,249.0
161.200,27.876252,84.600939,251.0
161.600,27.876125,84.596918,251.0
162.000,27.877881,84.593470,248.0
162.400,27.880006,84.590345,252.0
162.800,27.878275,84.586933,245.0
163.200,27.875968,84.583847,257.0
163.600,27.874160,84.580336,265.0
164.000,27.871695,84.577421,255.0
164.400,27.868240,84.576883,243.0
164.800,27.864777,84.577323,256.0
165.200,27.862347,84.574381,242.0
165.600,27.860325,84.571110,242.0
166.000,27.858907,84.567372,247.0
166.400,27.858258,84.563395,252.0
166.800,27.857894,84.559386,246.0
167.200,27.855282,84.557406,235.0
167.600,27.851725,84.556914,238.0
168.000,27.848307,84.558151,235.0
168.400,27.844735,84.558126,271.0
168.800,27.841248,84.557142,265.0
169.200,27.837707,84.556465,220.0
169.600,27.835219,84.553667,241.0
170.000,27.833123,84.550362,218.0
170.400,27.831857,84.546615,231.0
170.800,27.832665,84.542725,233.0
171.200,27.833789,84.538915,232.0
171.600,27.833230,84.534958,228.0
172.000,27.833487,84.530934,237.0
172.400,27.833714,84.526896,233.0
172.800,27.832888,84.522946,224.0
173.200,27.830415,84.520372,236.0
173.600,27.826828,84.520295,217.0
174.000,27.823250,84.520559,224.0
174.400,27.819753,84.519704,249.0
174.800,27.816647,84.517761,228.0
175.200,27.815622,84.513891,222.0
175.600,27.816112,84.509935,229.0
176.000,27.817807,84.506364,218.0
176.400,27.819706,84.502948,222.0
176.800,27.820256,84.498946,221.0
177.200,27.820473,84.495192,223.0
177.600,27.819589,84.491641,232.0
178.000,27.820854,84.488112,219.0
178.400,27.821307,84.484102,218.0
178.800,27.821803,84.480117,216.0
179.200,27.823261,84.476413,229.0
179.600,27.823927,84.472428,225.0
180.000,27.824280,84.468420,233.0
180.400,27.823242,84.465668,219.0
180.800,27.819821,84.466108,221.0
181.200,27.819474,84.462748,216.0
181.600,27.819596,84.458684,222.0
182.000,27.820352,84.454724,210.0
182.400,27.821724,84.450978,212.0
182.800,27.823253,84.447307,217.0
183.200,27.821943,84.443850,214.0
183.600,27.818960,84.441680,208.0
184.000,27.816117,84.439595,203.0
184.400,27.815523,84.435692,220.0
184.800,27.813259,84.432615,208.0
185.200,27.809715,84.431938,211.0
185.600,27.806169,84.431287,218.0
186.000,27.802583,84.430979,203.0
186.400,27.799013,84.431167,213.0
186.800,27.795463,84.430562,212.0
187.200,27.791976,84.430003,205.0
187.600,27.788466,84.430689,194.0
188.000,27.785293,84.432603,208.0
188.400,27.782405,84.435009,205.0
188.800,27.779652,84.437626,218.0
189.200,27.778334,84.441032,208.0
189.600,27.778606,84.445083,205.0
190.000,27.778412,84.449141,209.0
190.400,27.777442,84.453047,206.0
190.800,27.775964,84.456754,203.0
191.200,27.774179,84.460280,201.0
191.600,27.771358,84.462668,198.0
192.000,27.769053,84.465750,208.0
192.400,27.765937,84.467730,196.0
192.800,27.762852,84.469800,196.0
193.200,27.759468,84.471109,201.0
193.600,27.755944,84.471919,207.0
194.000,27.752423,84.472142,193.0
194.400,27.751982,84.468569,193.0
194.800,27.752983,84.464682,192.0
195.200,27.755241,84.461571,193.0
195.600,27.758049,84.459127,191.0
196.000,27.759702,84.455824,200.0
196.400,27.759540,84.451776,191.0
196.800,27.757921,84.448214,196.0
197.200,27.754761,84.446325,195.0
197.600,27.751867,84.443950,187.0
198.000,27.748891,84.441693,196.0
198.400,27.745655,84.439919,190.0
198.800,27.742884,84.437444,196.0
199.200,27.741424,84.433750,186.0
